,Positive,ROI_past_ma10
0,False,
1,0,
2,1,
3,1,
4,1,
5,0,
6,0,
7,0,
8,1,
9,1,
10,1,
11,1,0.002340614037272708
12,1,0.002240963637553807
13,1,0.002547658871730063
14,0,0.0026226923766577656
15,0,0.0020367662127144495
16,0,-0.0001777534077984674
17,0,-0.002869705166661754
18,0,-0.002862309098859246
19,1,-0.002873412881509617
20,1,-0.001957013925777283
21,0,-0.0002884211524046373
22,0,-0.0018162520859717416
23,1,-0.0033156613070953983
24,1,-0.002972448454968443
25,1,-0.0022443935658099184
26,1,-0.0012403834772589382
27,1,-0.0010180948224387024
28,1,-0.00039945034144980813
29,1,-0.00018787753653387514
30,1,0.00013471854075791588
31,1,0.0007527138608398171
32,1,0.0011404226219416226
33,0,0.0011289754969886242
34,1,0.0010648455317791238
35,1,0.0010494160800218575
36,1,0.0011306152298012147
37,1,0.0014365917528658563
38,0,0.0014917864329277088
39,0,0.001349545464306267
40,0,0.0012572797349032817
41,1,0.0008642671221006186
42,1,0.0010081116002930144
43,1,0.0010479924783864981
44,0,0.001110898727581222
45,0,0.0009463810757593192
46,0,0.0006494753960276674
47,0,0.00035460679266629137
48,0,0.00023364772737695678
49,0,0.00010096654056189041
50,1,-0.0004949497532472131
51,1,-0.0003139826450415029
52,1,0.00022441575165738518
53,0,0.000293825210932436
54,0,6.033498825320173e-05
55,0,-0.00020174927340128174
56,0,-0.0009272784056220949
57,0,-0.0012947971175568083
58,0,-0.0017841023436429208
59,0,-0.0024615372825703085
60,0,-0.0025801871970532386
61,1,-0.0026040590500070403
62,1,-0.002496253111069328
63,0,-0.002242475681148493
64,0,-0.0022074785096049144
65,0,-0.002939807124764797
66,1,-0.0039029357576990495
67,1,-0.0034900360312145927
68,0,-0.0028357840364799844
69,0,-0.003291780222285944
70,1,-0.004015659300509599
71,1,-0.003765493216293211
72,1,-0.0035818887198893
73,0,-0.0032069733853233766
74,0,-0.0035157629329764122
75,1,-0.003879983378848674
76,1,-0.0037914860527960433
77,0,-0.003704529636342717
78,0,-0.003876902114314326
79,0,-0.00426717835756411
80,1,-0.0044338612269027465
81,1,-0.004128105620384732
82,1,-0.003818158045077049
83,0,-0.003693883375761156
84,0,-0.0036579479140791344
85,0,-0.0037487432811009786
86,0,-0.0038748181917281584
87,0,-0.0041656877141547375
88,1,-0.004185465163969799
89,1,-0.003897726915478006
90,1,-0.003425422189575196
91,0,-0.003184710762118404
92,0,-0.0032550050318368574
93,0,-0.0034744023203164705
94,1,-0.0035346587831823735
95,1,-0.003311649139381083
96,1,-0.003047705373471874
97,1,-0.0028288438591648753
98,1,-0.0025613654769156592
99,1,-0.002320873167928691
100,1,-0.001994470283599834
101,0,-0.0019275006767517184
102,0,-0.001903519652750933
103,0,-0.001954672286284966
104,0,-0.0023146284815393093
105,0,-0.002726380851566269
106,1,-0.0027161545936982673
107,1,-0.00235704315986902
108,1,-0.0020555886261090744
109,1,-0.0022139112020751
110,0,-0.0022803273830471265
111,0,-0.0023308458652773426
112,0,-0.002456734057949014
113,0,-0.002633231073042988
114,0,-0.0028073707447255586
115,1,-0.0028705447706895305
116,1,-0.0024084698072862646
117,1,-0.0017554658738265457
118,1,-0.001632330175630432
119,1,-0.0014633025427002483
120,1,-0.0014635615130776513
121,1,-0.0015737814690189444
122,0,-0.0010544286659005177
123,0,-0.0007676552373846017
124,1,-0.0008267603239469759
125,1,-0.0008911568347118901
126,1,-0.0010664524245098373
127,0,-0.0010979990451789267
128,0,-0.0012707381982829606
129,0,-0.0015805715259631942
130,1,-0.0017235790696581619
131,1,-0.0018914973184881874
132,1,-0.001780994277750187
133,1,-0.0015605082216360304
134,0,-0.0015089828714139818
135,0,-0.001590500578193532
136,1,-0.0018986432775504863
137,0,-0.001746062911696772
138,1,-0.001856636671225782
139,1,-0.0017805860293591172
140,1,-0.0016665520797016246
141,0,-0.0015059749773807956
142,0,-0.0016966272563174686
143,0,-0.001727296472116741
144,0,-0.0018283981438260788
145,0,-0.0018049313100924576
146,0,-0.0019536933479249105
147,1,-0.0020853472403454744
148,0,-0.001967743524165529
149,0,-0.0019648482190154698
150,1,-0.0017582591213804457
151,1,-0.0018032312815504787
152,1,-0.002041865332668644
153,0,-0.0019887723890788704
154,1,-0.0019867863803762994
155,1,-0.0016796030115741063
156,0,-0.0011362945178030942
157,1,-0.0009720046911470023
158,1,-0.0005916421028044775
159,0,-1.0390092255672459e-05
160,0,8.120685254744126e-05
161,0,4.544608371466167e-05
162,0,-3.394548006625034e-05
163,0,-0.00021183543134378296
164,0,-0.0003232671508622892
165,0,1.54709209090571e-05
166,1,0.0005434811535232609
167,1,0.00035034047426054857
168,1,5.4730583143865545e-05
169,1,0.0005058688099648904
170,1,0.0010620916114281564
171,1,0.0010225498403556117
172,0,0.001039065078332652
173,0,0.0006852727318234431
174,0,0.0008286435206883747
175,0,0.001122677712214262
176,0,0.0010086642124802246
177,1,0.0008322850841950854
178,1,0.0011143816596051704
179,1,0.0016699761612444838
180,1,0.0019759624983646234
181,0,0.0019496312469154296
182,0,0.0017028232916002442
183,1,0.0014512158257845961
184,0,0.0015158072179427683
185,0,0.0015218204529581674
186,1,0.0015142073728733258
187,1,0.0018351890892035294
188,0,0.0020071441481445142
189,0,0.0016619999702319301
190,1,0.0011797402119289836
191,1,0.0011400877131274641
192,0,0.0012989055166529786
193,0,0.001264634566103703
194,0,0.0013355843085200742
195,0,0.0010920594991965687
196,0,0.0004201734682714163
197,0,-0.00015983081053189442
198,0,-0.0005070052655108807
199,0,-0.0008881210797655525
200,0,-0.0012832397366296846
201,0,-0.0014067352288770973
202,1,-0.0014862639232985514
203,1,-0.0011181326943684334
204,1,-0.000889548876148753
205,1,-0.00038918259866015223
206,0,-0.00025057908982551515
207,1,-0.0005856212247904963
208,1,-0.0005416292438684409
209,0,-0.00046469735318598916
210,1,-0.0005023880713712825
211,0,-0.00030756024551046695
212,1,-0.00027382877031539404
213,0,-0.0001448332870379134
214,0,-9.876795222720168e-05
215,0,-0.0002462041442576516
216,1,-0.0004627154513735893
217,1,-0.0006358933579382123
218,0,-0.000570655236100365
219,0,-0.0007138956597648114
220,0,-0.0009429531359675757
221,0,-0.0012470937849470706
222,0,-0.0016463017514600996
223,0,-0.0017774095609841632
224,0,-0.0017774093220395402
225,1,-0.001876194607719981
226,0,-0.001859358543360156
227,1,-0.001937807885558498
228,1,-0.001873255019435709
229,0,-0.0016091651888925987
230,0,-0.0015605628285089513
231,0,-0.001713759648131185
232,0,-0.0020712251769565643
233,1,-0.002345425500076333
234,0,-0.0022925660888421556
235,0,-0.002394265346511891
236,1,-0.0022362710962260603
237,1,-0.002380117559944955
238,0,-0.002263258122164798
239,0,-0.0023708975831433356
240,0,-0.0026228176855364886
241,0,-0.0028586927691160746
242,0,-0.0032244324996434964
243,1,-0.003359807764285046
244,1,-0.0030009526252511107
245,1,-0.002884650398639511
246,1,-0.002315607757956511
247,1,-0.0017059878714234928
248,1,-0.0017250117830594888
249,1,-0.001616447097278252
250,0,-0.0015249699761978517
251,0,-0.0016621091158914485
252,0,-0.0017752975174083723
253,0,-0.00201903088662563
254,0,-0.0021469191952348007
255,0,-0.0027022533520171697
256,0,-0.003139412071927342
257,0,-0.0031676870347450994
258,0,-0.0032719504995070508
259,1,-0.0036612689315932753
260,1,-0.0036069691115531988
261,1,-0.003464227398613875
262,1,-0.003352817128465337
263,1,-0.0032764547985927755
264,1,-0.003029696321317046
265,1,-0.0027290642666947997
266,1,-0.0020836724149627603
267,0,-0.001761683501618095
268,0,-0.0018938705421621335
269,0,-0.0023816431298392966
270,0,-0.0027624531232536675
271,1,-0.003082061113365594
272,1,-0.002710679714765492
273,0,-0.0023366722716302215
274,0,-0.002241646266632116
275,0,-0.0023034607322072937
276,1,-0.0022791050239028636
277,0,-0.0020181935757921966
278,1,-0.002163097469689949
279,1,-0.0022041520715952103
280,1,-0.0022258557480455466
281,1,-0.002283435525453025
282,0,-0.002033306544096207
283,0,-0.001891083993129708
284,1,-0.002102964967656821
285,0,-0.0019477690250010165
286,0,-0.0018078561197152402
287,0,-0.002069679985298589
288,1,-0.002189265292011484
289,1,-0.0017586077062371095
290,1,-0.0012704924957544122
291,1,-0.001103738402989849
292,1,-0.000864492803112718
293,1,-0.0003878894361736361
294,1,-0.0003337021716204526
295,0,-0.0001871587641127089
296,0,0.00015115881117593567
297,0,0.0004157942583641249
298,0,0.0003379055523167568
299,1,0.00028396663114804867
300,0,0.0004036281902866424
301,1,0.0003819753005101912
302,1,0.0005743906446417069
303,1,0.00024881540570670293
304,1,0.00028890191880427067
305,1,0.0001625245481329648
306,0,0.00015883319371879758
307,1,0.0002270831589333798
308,0,0.00022686644637565697
309,0,7.761389590713727e-05
310,0,-0.00015322789127459764
311,0,-0.0004512930161539016
312,0,-0.00038386219057180357
313,0,-0.0004946366380356434
314,0,-0.0005532425107275964
315,0,-0.0005305081490209469
316,1,-0.0005274686245865699
317,1,-0.0004630829849083581
318,1,-0.0005533739537355035
319,0,-0.0005115430527840676
320,0,-0.0004398079835645469
321,0,-0.0003565184790687942
322,0,-0.00028582958541958063
323,1,-0.0001946394446596462
324,0,-7.796353462715792e-05
325,1,-0.00016399809861927946
326,1,-9.972370171758692e-05
327,1,0.0001366843243576975
328,1,0.00014055182510772405
329,1,0.0003962131422679327
330,0,0.000821356985391404
331,0,0.0007155742248346516
332,0,0.0006881641326881152
333,0,0.0006822163575137083
334,0,0.0003782526160154621
335,1,0.0004235843210531201
336,0,0.0005771436618493802
337,0,0.0003026663189002079
338,0,-1.2509034331396157e-05
339,1,4.715606555815897e-05
340,0,0.00045104597938308224
341,0,0.0006146783621587604
342,0,0.0009255087488878088
343,1,0.001003559672900548
344,1,0.0008698023027433928
345,0,0.0008376377384157149
346,1,0.00047391208247423355
347,1,0.00022549212765072594
348,1,0.0002625162859390941
349,1,0.0003193188617536228
350,0,0.0003907588645434229
351,1,0.0003562179027362124
352,1,0.0004668188678320406
353,0,0.0007193627945056499
354,0,0.0008131306032596303
355,1,0.0011300780907345712
356,1,0.001520115216229165
357,0,0.0017427636162265215
358,0,0.0016970860675715091
359,0,0.0018679145406427027
360,0,0.0016622887720831871
361,1,0.0014598825074837152
362,1,0.0015570725101324199
363,0,0.001605751900370577
364,0,0.0013441988617019962
365,1,0.0011197462603153114
366,1,0.0006412065162043857
367,1,0.0003178096842023478
368,1,0.0005394373007165591
369,1,0.0010882291710592722
370,1,0.0015019917972733973
371,0,0.001797327918819709
372,0,0.0012949327776885498
373,0,0.0009600606222586015
374,0,0.000849933793209309
375,0,0.0005925811730347035
376,0,0.0005319409751810892
377,1,0.00038639875819101185
378,1,0.00048666754326656057
379,1,0.00033146663013321323
380,0,0.0003650114814477871
381,0,0.00014398535518601204
382,1,-8.652454004203689e-05
383,1,9.510646537921645e-05
384,1,0.000574949936649851
385,1,0.0009675098670340412
386,1,0.001144526074699847
387,1,0.0016833062344211874
388,1,0.003557823150342958
389,1,0.0034497776766245587
390,1,0.0031550040890945845
391,0,0.0029947402423040254
392,0,0.0024145458514441805
393,0,0.0016706546499210759
394,1,0.0013629432096550385
395,0,0.0014098046991389273
396,1,0.0015207557621298251
397,1,0.0016912247611936867
398,1,0.001886034352364337
399,1,0.0021113208664714565
400,1,0.0021418914816352373
401,1,0.0023747357392092795
402,0,0.0023977318914555354
403,0,0.002243086395892967
404,1,0.0020326358475473674
405,0,0.002274061103681934
406,0,0.0021505182402347194
407,1,0.00205926001829071
408,1,0.0018578387164318716
409,1,0.0020321398388348454
410,1,0.002283351849432678
411,0,0.0024520696474547633
412,0,0.002310316952829082
413,0,0.0017553378217202058
414,1,0.0011180120041426713
415,1,0.001559326290670353
416,1,0.001827801372072017
417,0,0.0021026446084327025
418,0,0.0018489636290934003
419,0,0.0015425011005552609
420,1,0.0011759992011224933
421,0,0.0013680529190901768
422,0,0.0014860579277566671
423,1,0.0012944561766200383
424,1,0.0014162890433154416
425,0,0.0015580951560152723
426,1,0.0014114491946832413
427,1,0.0014166917305621968
428,1,0.0013989151466807543
429,1,0.0012777350852256593
430,1,0.0009894765353203948
431,0,0.0013215826058857612
432,1,0.0013698101903241572
433,0,0.0014506009644082263
434,0,0.00147508185848277
435,1,0.0015439876327675967
436,0,0.0015324482967197575
437,0,0.0015408257598727656
438,0,0.0012936541558487618
439,1,0.0010474553310358908
440,1,0.0010096954651983875
441,1,0.0012269540180030684
442,1,0.0017035141676563464
443,1,0.0022924116443051993
444,1,0.0022826389489998566
445,0,0.002246024445168518
446,1,0.002160084747557999
447,1,0.002086421879171463
448,1,0.0021380569002489008
449,1,0.0022400547082630927
450,1,0.0022527486114999806
451,1,0.002519739159897578
452,1,0.0026364703700982755
453,0,0.0026016600486803375
454,0,0.0025528767167444736
455,0,0.002251160743044569
456,1,0.00212573391503517
457,0,0.00263195258294893
458,1,0.0024408703456096784
459,1,0.002666634426671559
460,1,0.0029634329496617934
461,1,0.0032606470922787708
462,1,0.003102034063326954
463,1,0.003051742853390149
464,1,0.0033728921124086646
465,1,0.003581280367417682
466,1,0.0036854693962919956
467,0,0.0036833026859456374
468,0,0.003425184695367292
469,1,0.0032480344411516043
470,0,0.003347462164294558
471,0,0.003199583010760204
472,0,0.002956835429027539
473,1,0.0029893642709101337
474,1,0.00319653071692212
475,1,0.0036265474323319475
476,1,0.0038876187795348887
477,1,0.0041471012276577505
478,0,0.004175602948273982
479,0,0.004058608036865513
480,1,0.003867264355241871
481,0,0.003975564037514154
482,1,0.003910939399498674
483,1,0.00392940007780704
484,0,0.0037462127423341183
485,0,0.003088162669463896
486,1,0.0029062022120279235
487,0,0.002639774144259625
488,0,0.0007086791727581688
489,0,0.0004943496246225559
490,0,0.00025846210215588953
491,1,-6.323672263112837e-05
492,1,0.00039548298483967585
493,1,0.0010489734649785853
494,1,0.001436944584250795
495,0,0.0013553096433989572
496,0,0.001049093091173293
497,1,0.0009305551998347144
498,1,0.0009831125438590194
499,0,0.0010382892084887655
500,1,0.0009203149466315439
501,1,0.0009641193890159839
502,1,0.0012091972599151896
503,0,0.0013936915886939283
504,0,0.0012622832766160804
505,0,0.0005541201847532224
506,0,0.0006612557059486021
507,0,0.0007137327175931144
508,0,0.0005863941200499817
509,0,0.0002304700989768104
510,1,2.3463782211932788e-05
511,0,0.0001634226862452137
512,0,3.153077499551484e-05
513,0,0.0004460289492464687
514,1,0.0010422420531220667
515,0,0.0009726360526266668
516,1,0.0007452896155758436
517,1,0.000652959422272252
518,0,0.001187164365846514
519,0,0.0013436930836375877
520,0,0.0015872844525287077
521,1,0.0011723580000181763
522,1,0.001355888127859231
523,1,0.001962407304630646
524,1,0.002028424819656105
525,0,0.002115946830792361
526,0,0.0014896184916378087
527,0,0.0005971786516495108
528,0,1.4065489323548398e-05
529,1,-0.0004240606573873837
530,1,-0.0003642292740159121
531,0,-0.00025559161793401917
532,1,-0.00023344974089559655
533,1,-0.00011081317538606962
534,1,0.00015039960209810817
535,0,0.00039932417727519957
536,0,0.00023800285022988036
537,1,0.00021245737839102388
538,0,0.0009174158700645954
539,0,0.0010071624103712411
540,1,0.0007297906640938379
541,1,0.0008293109600767695
542,0,0.0005573904398260575
543,1,-0.00019362700794499802
544,1,-5.175948655411152e-05
545,0,0.00019057422667057534
546,0,0.00019225839311826507
547,0,4.02977040291508e-05
548,0,-0.0003930385849763683
549,1,-0.0007621917273540912
550,1,-0.0006131388234172795
551,1,-0.0005113048804410509
552,1,-0.00042357487731033524
553,1,-0.0003499416868037248
554,1,-7.304175604236656e-05
555,1,0.00045280659035345296
556,0,0.0006089981023727114
557,1,-7.036566925702291e-05
558,1,0.00018910596511592252
559,0,9.27752046412286e-05
560,0,-6.127904662090299e-05
561,1,-0.00033442490504536856
562,1,-0.0003170525872150918
563,1,-0.00021775009124541645
564,0,-0.00021778372971593276
565,1,-0.00041944613546193184
566,1,-0.000545755516583076
567,0,-0.00047739524474151544
568,1,-0.0005587240357231605
569,1,-0.0004241845004093827
570,0,-0.0005503069921308795
571,0,-0.0005500124808154375
572,0,-0.00039423585279045934
573,1,-0.00036099008663167904
574,1,-0.00026120481315043985
575,1,-0.00029545987838582125
576,1,-0.00037396374640870757
577,0,-0.0004435491338237496
578,0,-0.0005902404806773681
579,1,-0.0006864915161191969
580,0,-0.0006278432552211761
581,0,-0.0011401492612002231
582,0,-0.001080964192306208
583,0,-0.0013711125596276809
584,0,-0.0018217944734785633
585,0,-0.0018839911922587662
586,1,-0.0020797498932265067
587,0,-0.001976224006349824
588,0,-0.001962034339986678
589,1,-0.0019523871014485888
590,1,-0.0016966136034980545
591,1,-0.0013817612460415387
592,1,-0.0013248209544199363
593,0,-0.0012678688544190695
594,0,-0.001442486542700992
595,0,-0.0016531395336785986
596,1,-0.001439885680379721
597,0,-0.0013054330540827066
598,0,-0.001415921693690791
599,0,-0.0015983379069076137
600,1,-0.0015798053390269431
601,1,-0.0017108579185533147
602,1,-0.00201100167173878
603,1,-0.0018718056272116162
604,1,-0.0014173888907465673
605,1,-0.0010308960607164257
606,1,-0.0008644962113936759
607,0,-0.0006483081472856847
608,0,-0.0005274425118825433
609,0,-0.00037484689512370364
610,0,-0.00031511664164209845
611,0,-0.0006522019712834385
612,1,-0.0004666140550313013
613,1,-9.533208590157664e-05
614,0,0.00013806856999551602
615,0,-4.260198235410964e-05
616,1,-7.582592323472734e-05
617,1,-0.00032306375088679107
618,0,-0.0006347411915833363
619,0,-0.000666988509106948
620,0,-0.0008575821677559381
621,0,-0.0008293230877714803
622,1,-0.0010180950209783698
623,1,-0.0013259205802883406
624,0,-0.0016056402972775125
625,0,-0.002087527198050274
626,1,-0.0015797636892315645
627,1,-0.000735869612527943
628,1,-0.00013226210751731812
629,1,0.0002954029944196439
630,0,0.00028202402198994846
631,1,7.84534747584059e-05
632,1,0.00021090972237003465
633,1,0.0001654269382435013
634,1,0.00019719653043556945
635,1,0.000246030770788353
636,0,0.0005585185239765599
637,1,0.0006866347505598564
638,1,0.0005067564191773436
639,1,0.0006972933502140098
640,1,0.0009335520305817743
641,1,0.0008831242865767364
642,1,0.0009525773719625466
643,1,0.0011806345645223146
644,1,0.0009171337138823108
645,0,0.0006677291513141955
646,1,0.0008191777991249455
647,1,0.0010031444460307847
648,1,0.001393063323840714
649,1,0.0018459552417652353
650,1,0.00164618218411531
651,1,0.0015794500038838642
652,1,0.001364707974990771
653,1,0.0012354369872509168
654,1,0.0012691312006717329
655,1,0.0011811154795022159
656,1,0.0010735851912043624
657,1,0.0011528714848825215
658,0,0.0011601616417239024
659,1,0.0010365223130012354
660,0,0.0010589318639367222
661,1,0.0010958365125400536
662,1,0.0010920431892731232
663,0,0.0009978759089668422
664,0,0.0007324621480464306
665,0,0.0007660750497334415
666,0,0.0007247197099220254
667,0,0.0005336423489080822
668,1,0.0006060361052933625
669,1,0.0004903288551288361
670,0,0.000502262013300313
671,0,0.0005644520950706632
672,1,0.0006350019272482846
673,1,0.0006725605769058109
674,1,0.0005565687287003099
675,1,0.0006509438927125627
676,0,0.0007113442371044104
677,0,0.0004912840550224701
678,1,0.00033389033769672414
679,1,0.0005316085024120999
680,0,0.0005743633238969805
681,1,0.0010383309135301607
682,1,0.0012351450112364018
683,0,0.0014716209263781904
684,0,0.001734618285119087
685,1,0.0019973410920721716
686,1,0.0022732700744532578
687,1,0.002310466711101159
688,0,0.002420583421385075
689,1,0.0022832175769592557
690,1,0.002182112370739255
691,0,0.0021423749917310634
692,0,0.0018867524556424637
693,0,0.0016729938720918818
694,1,0.0016929279705354227
695,0,0.0018640440545191583
696,0,0.0019151620101821765
697,0,0.0018282888190348436
698,1,0.0018433970873615666
699,1,0.0020725779287389017
700,0,0.0021871315937793522
701,0,0.0021101813238364807
702,0,0.002002106364335057
703,0,0.0018026144572699438
704,1,0.0015415345526205687
705,1,0.0017075863756500565
706,0,0.0017050968226144214
707,0,0.001536145374563821
708,1,0.0014978592325342226
709,0,0.0017459244144581926
710,0,0.001864619736546948
711,0,0.001823182495255958
712,0,0.00180540001131791
713,0,0.00163174261862659
714,0,0.001349439992024791
715,0,0.0011959842763025789
716,0,0.0009744240372035833
717,0,0.000622875438780049
718,1,0.0005400465850245097
719,1,0.0010836501587740575
720,1,0.0016235808538790054
721,0,0.0018795040606604458
722,0,0.001631000581104985
723,0,0.0011528637761402429
724,1,0.0008377015865868905
725,1,0.0012385226623528943
726,1,0.0015589172665011418
727,0,0.0016347211014102856
728,0,0.0014960185879624415
729,1,0.0013323883923260665
730,0,0.0012404595916168611
731,0,0.001116820888620389
732,1,0.0009429842276227637
733,1,0.0008775938326740832
734,0,0.0009120635715747553
735,0,0.0005193288133646255
736,0,2.3474310301052e-05
737,1,-0.00012416612995590478
738,1,8.622784773823059e-05
739,1,0.00014345984495619976
740,1,0.00012339813455764962
741,1,0.0001084850723212262
742,1,0.00022041906839967142
743,1,0.00032323846346476266
744,1,0.00042383048760155086
745,0,0.0004888920917559368
746,0,0.00048597862544603435
747,0,0.00033523102146387805
748,1,0.00017371391105848032
749,0,-4.57840468002276e-05
750,0,-0.00010065880525665854
751,0,-0.0003456774381961565
752,1,-0.00038168646693117624
753,0,-0.00036771758666648236
754,0,-0.0005274054140572048
755,0,-0.0007198805008965234
756,1,-0.0008613846282546586
757,1,-0.0008513453581632372
758,1,-0.0007762882448302741
759,1,-0.0006954432816685812
760,1,-0.0004869298974402593
761,0,-0.0002627798932073206
762,1,-0.00029103248612225783
763,1,-0.00029167419482587295
764,1,-0.00018556963545158413
765,0,-0.00011915663745130198
766,0,-0.00013771040062926767
767,0,-6.35696940088553e-05
768,0,-5.9234245589377294e-05
769,1,-8.465060178129459e-05
770,1,5.8352564642849546e-05
771,1,0.0002880864721921052
772,1,0.00046172463747811164
773,0,0.00047911268931444603
774,0,0.00025416541426044544
775,0,-0.0003155870733321414
776,0,-0.0006373692602687055
777,0,-0.00062635044450256
778,1,-0.00048811738376504084
779,0,-0.000425799312076775
780,1,-0.0004976798279730189
781,1,-0.00035174265442059675
782,0,-0.00047264677074615566
783,1,-0.0005790644951296384
784,1,-0.0004961214367358482
785,1,-0.0004073650601233025
786,0,-0.00044242531673356985
787,1,-0.0006549359910928776
788,1,-0.0006761133416401016
789,1,-0.00042688335607993623
790,1,-0.00034350485779220284
791,1,-0.0004064040244857664
792,0,-0.00035311895769271216
793,1,-0.00035227085250353056
794,0,-0.00028837058857001546
795,1,-0.0002915987162258657
796,0,-0.00013383210584721683
797,0,-0.00011557464094600513
798,0,-0.00015809544620571173
799,1,-0.00028000891663519894
800,1,-0.00029950680392041364
801,1,-0.00019472761429650823
802,1,-4.2351918082003326e-05
803,1,6.631520477538884e-05
804,1,9.566286021328374e-05
805,1,-3.763418833459091e-05
806,1,-0.00013903509434177368
807,1,-0.00010010995395295398
808,0,-3.668086886968037e-05
809,0,-0.00029467387662127613
810,0,-0.0004985534862335425
811,0,-0.0005358229570201606
812,0,-0.000533420577051176
813,0,-0.0005657831249685321
814,1,-0.00036576787091173576
815,1,-8.23774990887663e-06
816,1,0.0003898598626361664
817,0,0.0007742685270638063
818,1,0.0007685455405042635
819,1,0.0004872702238902858
820,1,0.0003180512576141206
821,0,0.0002843948144214984
822,0,0.000440594505055354
823,0,0.0008257066354699748
824,0,0.0010903312638343937
825,0,0.0010265506580310704
826,1,0.0008341427281599184
827,1,0.0006503524025433114
828,1,0.0009013340416515122
829,1,0.001081314707209718
830,1,0.0010392038657133103
831,0,0.0011971964244815831
832,1,0.0013056738122894354
833,1,0.0014777943862401854
834,1,0.0015702174575018574
835,1,0.0018067524461271172
836,1,0.002121215801485378
837,1,0.002690059382035485
838,1,0.0025169776257628618
839,1,0.0025767389644166323
840,1,0.002594811698396965
841,0,0.0025991262235650473
842,1,0.0023909369971186483
843,1,0.002303934666369146
844,0,0.0022709585617192354
845,0,0.002135745752705903
846,1,0.002135603184520393
847,1,0.0022680780344038936
848,1,0.0023533805036474874
849,0,0.0023777915911168635
850,0,0.00217028768805062
851,1,0.0021484691347327762
852,1,0.002285931936826553
853,1,0.0023802411697731304
854,1,0.002572652962632399
855,1,0.0027800060799561027
856,1,0.003073358243279643
857,1,0.003159358964034783
858,0,0.0031120889639634293
859,0,0.0030189324292968496
860,1,0.0027201117401232044
861,1,0.002622609826632657
862,0,0.0027816312317370906
863,0,0.002735771905276526
864,1,0.002682528019633469
865,0,0.002703571719118465
866,0,0.002406507876157574
867,1,0.0019838996632255985
868,0,0.0021722104478993686
869,0,0.002139940094892505
870,1,0.0017978691943174641
871,1,0.0016941955946725706
872,0,0.001739479124591444
873,1,0.0016924887589770308
874,1,0.0018893230453049556
875,1,0.002358806553648719
876,0,0.002654729444272518
877,0,0.0026717547898570705
878,0,0.0023180821751428334
879,0,0.002249001158840812
880,0,0.0021322815336699704
881,0,0.0018032728075994197
882,0,0.0014903601307593723
883,1,0.0014857329264163588
884,1,0.001485982660175776
885,1,0.001584747882779453
886,1,0.001771865665783665
887,1,0.001923975882067269
888,1,0.0020642403430548655
889,1,0.0020513906623040863
890,1,0.0020197133751789008
891,1,0.0020000955757567217
892,1,0.0020735967489632786
893,1,0.002311431542476306
894,0,0.002309620897688227
895,1,0.002278163823458324
896,0,0.002261364751259804
897,0,0.0020271472742110436
898,0,0.0020560519390344016
899,0,0.001867351647306205
900,0,0.0017047436137747716
901,0,0.0016031759529282863
902,0,0.0014078494104179853
903,0,0.0013156257673499114
904,0,0.0012087398819328264
905,1,0.0011148512499196395
906,0,0.0010802012729677244
907,0,0.0010213223048306788
908,0,0.0009556026483166691
909,0,0.000863298474658439
910,1,0.0010332168929883454
911,0,0.0014308433800429151
912,1,0.0015360191238154503
913,0,0.001644731964243238
914,0,0.0015417979771960727
915,0,0.0012125180966182428
916,1,0.0010253701538269519
917,1,0.0011035431947949254
918,0,0.001321113622500309
919,0,0.0012027968361302923
920,0,0.001017809773137519
921,1,0.0008891084987630353
922,1,0.0010430721536659362
923,1,0.001387586605010042
924,1,0.0016357950287674955
925,0,0.0017156499317758959
926,0,0.001551497973219817
927,1,0.0014798687239235316
928,0,0.0013761171086091538
929,0,0.0011961666282668932
930,0,0.0010821046655754062
931,1,0.001044922879100875
932,0,0.001091284896525817
933,0,0.0008217352909708679
934,0,0.0004736180090165862
935,1,0.00028564611423348684
936,1,0.0003048710876371098
937,1,6.838524269052058e-05
938,0,0.00013198673715612876
939,0,-5.939892827013019e-05
940,0,-0.00031210616692674823
941,1,-0.0005330632567929157
942,1,-0.00028517059880182476
943,1,-7.165757456654595e-05
944,1,1.3299841003840615e-05
945,0,9.602848824392624e-05
946,0,6.288900944090879e-05
947,1,1.435654262479617e-05
948,1,0.00013825673780305987
949,1,0.0002550267176737399
950,0,0.0006025271757078489
951,1,0.0006260282458730172
952,1,0.0006086225708390885
953,1,0.0006584928304066613
954,1,0.0005570499489297474
955,1,0.00048055845754037247
956,1,0.00032391696960914194
957,0,0.00023076417916754262
958,1,9.7633879577388e-05
959,0,0.00015532816478384706
960,0,2.123511763085426e-05
961,1,-0.00019687531925535032
962,1,-0.00030126087330241955
963,1,-0.0002369181485128443
964,1,0.00013366112242523437
965,1,0.00010247038412607174
966,1,0.0004798336738157999
967,1,0.0010071821227134673
968,1,0.0009484785408676738
969,0,0.0010869157270781166
970,1,0.0012432923181359904
971,1,0.0011628401847738545
972,0,0.00106444758212818
973,0,0.0010490646947499585
974,0,0.0009786969295159282
975,1,0.0008930648509363147
976,0,0.0008067518668890687
977,1,0.0008290843012325101
978,0,0.0013825627641222765
979,0,0.0013611655174105572
980,1,0.0013520120553067545
981,1,0.0017178245147671074
982,1,0.002091905931444774
983,1,0.00215318437213598
984,1,0.00228253225134586
985,0,0.0021562015696037283
986,0,0.0016003905204256567
987,0,0.0012879981336370017
988,0,0.0009646871952844812
989,0,0.0007016033371026946
990,1,0.000558883689399393
991,1,0.0007536989207307592
992,1,0.0009207625455402726
993,1,0.0008498164049837313
994,0,0.0008293172205076704
995,1,0.0008387493349734102
996,1,0.0007578519417208176
997,1,0.0010612722781951694
998,1,0.0012732189005205464
999,1,0.0016819145380839759
1000,0,0.0018247998656245757
1001,0,0.0017637176252318515
1002,0,0.0018105562692155859
1003,0,0.001751627511180658
1004,0,0.0017979358369770357
1005,0,0.0017538321134201137
1006,0,0.0016349131316100332
1007,1,0.001586743598527821
1008,1,0.001799210661637833
1009,1,0.0023231717585963816
1010,1,0.0025789568253146338
1011,1,0.0025345052301533376
1012,1,0.002642559558834083
1013,0,0.002624240353015972
1014,1,0.0026944123506328537
1015,1,0.002917878020895681
1016,1,0.003148673076256604
1017,0,0.003176211586964648
1018,0,0.002997092721356245
1019,1,0.0029948338535872626
1020,1,0.003171237359167921
1021,1,0.00351881533359243
1022,1,0.00376011075292192
1023,0,0.0035084295333838726
1024,1,0.003275307445591387
1025,0,0.003273194121928676
1026,0,0.003431355194727707
1027,1,0.0033929924352829426
1028,0,0.00336742197137958
1029,0,0.003378746376059215
1030,0,0.002963328933326742
1031,0,0.0023923322134734213
1032,1,0.0022081502791754695
1033,0,0.0024722032425306224
1034,0,0.0018733233396885057
1035,1,0.0018549954193711627
1036,0,0.002114775005376374
1037,1,0.0019394522794840873
1038,1,0.0020509218283969203
1039,1,0.002453603612438598
1040,1,0.002654876152360287
1041,1,0.002769759048916385
1042,1,0.0027140540554312404
1043,1,0.0024871617314600946
1044,1,0.0023841704551084155
1045,0,0.0025927922472119723
1046,0,0.002502601152272753
1047,0,0.002162843220526475
1048,0,0.0015737496831365958
1049,1,0.0011304942217632294
1050,1,0.0013525255977196035
1051,1,0.0016360858784348652
1052,1,0.001649508758921042
1053,1,0.0018161158005166364
1054,1,0.0021665891809871823
1055,0,0.0023961558119859573
1056,0,0.002166801750366416
1057,1,0.0019184313423007957
1058,0,0.002051504403076726
1059,0,0.0019165307001298175
1060,0,0.0016516553444287446
1061,0,0.001621230883655742
1062,0,0.0015308941968542886
1063,0,0.0011178764064202814
1064,1,0.00027034181988119674
1065,0,0.0002754551187615977
1066,0,-0.00017781740191950154
1067,1,-0.0008226821694733364
1068,1,-0.0005352231726594175
1069,0,-0.0006173355587904449
1070,1,-0.0007036615945566805
1071,1,-0.0006015761700873308
1072,0,-0.0003391795526428508
1073,0,-0.0006652354311795325
1074,1,-0.0006579184083012174
1075,0,-0.00047097389492242096
1076,1,-0.0005295176940661929
1077,1,-0.00046563359528893877
1078,0,-0.0005514736005028505
1079,1,-0.0005314864741956817
1080,1,-6.38982498324621e-05
1081,1,-6.821259574320301e-05
1082,1,-8.568399936984324e-05
1083,0,-5.903408524289518e-05
1084,0,-0.00032261534228190876
1085,0,-0.000924369784231155
1086,1,-0.0009253522339141979
1087,0,-0.000604213045872893
1088,0,-0.00047835513780897107
1089,1,-0.0005562833641485682
1090,1,-0.00041530836721995353
1091,0,-0.0005343097645204901
1092,1,-0.0008847196823244284
1093,1,-0.0007632279396376902
1094,1,-0.00037391302126245834
1095,1,-0.0003070537765696408
1096,1,-9.175980912749064e-05
1097,1,0.0002457868268851981
1098,1,0.0001658968476357351
1099,0,2.182521692616927e-05
1100,0,-0.00019634353674082976
1101,0,-0.00022577940552016287
1102,0,-0.00016791463617748772
1103,1,-0.00021648990790160345
1104,0,-8.755327045998281e-06
1105,0,3.602504877271614e-05
1106,1,0.00010063903433091532
1107,0,0.00032834528150324033
1108,0,0.00013451583943918096
1109,1,-0.000401178480555145
1110,1,-0.0005907883101548546
1111,1,-0.0004640596193712693
1112,1,-7.173757354235081e-05
1113,1,0.000273109051318189
1114,0,0.0004572889960314009
1115,0,0.0003448964159013488
1116,0,2.0832703249449857e-05
1117,1,-0.00026844179439907
1118,1,-0.00017217121526333603
1119,1,-3.413330986305316e-05
1120,1,-4.2425038938347875e-05
1121,1,-0.0002040794061127974
1122,1,-0.0004256291912620392
1123,1,-0.0002273727159773706
1124,1,2.215430741292688e-05
1125,0,8.344338534765235e-05
1126,0,-2.4845296488550765e-05
1127,0,-7.218576782889457e-05
1128,0,-0.0003853438403691307
1129,0,-0.00056035689099038
1130,0,-0.0003151777664521119
1131,1,0.00018046413111787326
1132,1,0.0004784995093711324
1133,1,0.00035779069491189466
1134,0,0.001078221570945575
1135,1,0.0011358077113725312
1136,1,0.0011272725097565444
1137,1,0.00137463996626706
1138,1,0.0012200012503393086
1139,1,0.000881249124124675
1140,1,0.0011649700225532778
1141,0,0.0013231941111245152
1142,1,0.0010788171972360358
1143,1,0.001148610359056189
1144,0,0.001323994090966411
1145,0,0.0010221264730733122
1146,1,0.0010762283667375564
1147,1,0.0015221087966782332
1148,1,0.0024956401068003866
1149,1,0.002763431149939108
1150,0,0.002678277301811911
1151,0,0.002354308945015018
1152,0,0.001778599477332094
1153,1,0.0013008446624423482
1154,1,0.0009206179866653087
1155,1,0.0007049751554428524
1156,0,0.0010821061374481841
1157,1,0.0012175555878302798
1158,1,0.0012901854661075231
1159,1,0.0014964146413173013
1160,0,0.0020364734107485537
1161,0,0.0021520016816814463
1162,1,0.002108353976119074
1163,0,0.0025246215779592272
1164,0,0.0028577010121871318
1165,0,0.0026693266415536853
1166,0,0.002874429987481699
1167,0,0.003425625110898938
1168,0,0.003047372059137509
1169,1,0.0030229457071636735
1170,1,0.003167099463632169
1171,1,0.0031719471839249335
1172,1,0.0030741373331456385
1173,1,0.003436206549238195
1174,0,0.003535297702239266
1175,0,0.0033694689346069197
1176,0,0.003169823600514176
1177,0,0.0027919410578050997
1178,0,0.0025560651151056734
1179,0,0.0023549648975305865
1180,1,0.0018565526919080521
1181,1,0.0017489453630313795
1182,1,0.0017010839416129887
1183,1,0.0016277123822143668
1184,0,0.001725367803337252
1185,0,0.002267953305576304
1186,0,0.0023726931555559765
1187,1,0.0021505001158762267
1188,1,0.002267488790618024
1189,0,0.002718765055233447
1190,0,0.002585155077199081
1191,1,0.002360674573136477
1192,1,0.0027325355053777374
1193,1,0.00256541407812003
1194,1,0.00228909666859993
1195,1,0.0023034997941633185
1196,0,0.0021118420527339544
1197,1,0.0016788750891045536
1198,0,0.0016426217232215488
1199,0,0.0012981685994027043
1200,0,0.0011766963215943847
1201,0,0.0011227325674239784
1202,0,0.0010301843624309025
1203,0,0.0006257198831578051
1204,1,5.4975030481366205e-05
1205,0,0.0004737748592774272
1206,1,0.00035539095045006725
1207,1,0.00034588179343319705
1208,0,0.000498547523065492
1209,0,0.0002994164255855487
1210,1,6.610814885695547e-05
1211,1,-0.00011153655112418722
1212,0,-0.0005797979203021937
1213,0,-0.0012538720128154126
1214,1,-0.0014661729317354088
1215,0,-0.0013674639256035835
1216,0,-0.0013380124444357057
1217,1,-0.0016632015185049376
1218,1,-0.0010570057079076689
1219,0,-0.0010251631957169445
1220,0,-0.0012357218025548585
1221,0,-0.0016091845630244845
1222,1,-0.0016980563988265925
1223,1,-0.0013975910850170217
1224,0,-0.0015203352373669402
1225,0,-0.0019130978670114384
1226,0,-0.0021157036227015713
1227,0,-0.0022133396067224014
1228,1,-0.0019405712918868167
1229,1,-0.0016425595709033977
1230,0,-0.0012449533232113364
1231,0,-0.001518739077655362
1232,1,-0.0019795291292854554
1233,0,-0.001707292439967508
1234,1,-0.0018611367861054242
1235,1,-0.001573278452777881
1236,1,-0.0017649987393129956
1237,1,-0.0016036763558418571
1238,1,-0.001314198104736482
1239,1,-0.0010856987177383327
1240,0,-0.0012914325698571653
1241,0,-0.0021585863804882387
1242,1,-0.00241995202950034
1243,0,-0.0024818382798745702
1244,1,-0.0029145908600464116
1245,1,-0.0026571659392819226
1246,0,-0.002520845413427094
1247,0,-0.0026517740266469
1248,0,-0.003397159494950311
1249,0,-0.0037602656381713613
1250,1,-0.004057138477966459
1251,0,-0.003930248856324317
1252,0,-0.003698344691475417
1253,0,-0.003893831518480107
1254,1,-0.0043632178909015435
1255,1,-0.0037340988344546676
1256,1,-0.003345239591457863
1257,0,-0.0030853559903431683
1258,0,-0.0033371989052965114
1259,0,-0.0034414174107105693
1260,1,-0.003519848758310764
1261,1,-0.0031781270715420633
1262,1,-0.002774439472623488
1263,0,-0.002789201856281282
1264,0,-0.002667340753810995
1265,0,-0.002589028765600968
1266,0,-0.002475961579627267
1267,1,-0.0026471099817384765
1268,1,-0.00230558164364351
1269,1,-0.0019974694940613625
1270,1,-0.00197095562107249
1271,0,-0.001931765163834745
1272,0,-0.0024489192177230257
1273,0,-0.00256849151885487
1274,1,-0.002664476642400308
1275,0,-0.0024844964819343775
1276,0,-0.002365702926754499
1277,1,-0.0022226469961133476
1278,1,-0.0018742817717551038
1279,1,-0.0012151826149422885
1280,1,-0.0009827789724105773
1281,1,-0.0008384329523118181
1282,0,-0.0005936748225201027
1283,0,-0.0006576098554683259
1284,0,-0.0010360770790127914
1285,1,-0.0011064026026612421
1286,1,-0.0008031552608232071
1287,1,-0.0004967443571889892
1288,0,-0.00043800749194909504
1289,0,-0.0006653180652836259
1290,0,-0.0006406347295605973
1291,1,-0.0006243529722733271
1292,0,-0.0008863718137723888
1293,0,-0.0011877439055665408
1294,1,-0.001322105455229706
1295,1,-0.0013123481346702269
1296,1,-0.0013485097554852507
1297,1,-0.0012278651670202029
1298,1,-0.001155575163900187
1299,1,-0.0006035675559572715
1300,1,-9.66295329355131e-05
1301,1,0.00020083301952907194
1302,0,0.00040601418003661827
1303,0,0.0007413264070344702
1304,1,0.0010523848049720198
1305,1,0.001067819130906184
1306,1,0.0016142345547055898
1307,0,0.0016211084541283968
1308,0,0.001383270550623845
1309,0,0.0016797548505213936
1310,1,0.0018205195787302378
1311,1,0.0018584561761394208
1312,1,0.002128143212880374
1313,0,0.002730338129949528
1314,0,0.0027314402809456313
1315,0,0.0024434111052589634
1316,0,0.002492111537942167
1317,0,0.0026954821475741824
1318,1,0.0018387659909055542
1319,1,0.0016841423451176302
1320,1,0.002025866479266241
1321,1,0.0024829504955294884
1322,1,0.0026002118707129157
1323,1,0.0021514277013812894
1324,0,0.002049932726219944
1325,0,0.0022330111151033405
1326,1,0.002483223933134135
1327,1,0.0027556185809314636
1328,1,0.002795140700736827
1329,1,0.0028052967278439592
1330,1,0.002735172568473336
1331,1,0.003154004627834056
1332,1,0.003546207532259427
1333,1,0.0032235589214208876
1334,1,0.00343942706178279
1335,1,0.0034965852138386898
1336,0,0.0034444109808438117
1337,1,0.0030340857399574856
1338,1,0.0027391057050081846
1339,0,0.002677249703778669
1340,0,0.001851188806366404
1341,0,0.002321352452974852
1342,1,0.002376223438354118
1343,1,0.0025056545814311645
1344,1,0.0028196380101694974
1345,0,0.0026987740466477544
1346,0,0.0025083851144541863
1347,1,0.002462087430779291
1348,0,0.0027281836291871264
1349,0,0.002776507332665131
1350,1,0.002632936058142363
1351,1,0.002868133697341166
1352,0,0.0036463953139176837
1353,0,0.003958976302355773
1354,1,0.004152881129948027
1355,1,0.0035199493463816023
1356,0,0.0029816108432931714
1357,0,0.002730703956064404
1358,0,0.002802845756077002
1359,0,0.002724637726115361
1360,0,0.002552777807648879
1361,0,0.002192318854483105
1362,0,0.0017504781818125307
1363,0,0.0011046942334735413
1364,1,0.0010281528959048575
1365,0,0.0011137807592237132
1366,1,0.0011425565065130046
1367,1,0.0015262533194118197
1368,1,0.001481487019862596
1369,0,0.0012212704453733857
1370,1,0.0009745184641152544
1371,1,0.0008994469981399822
1372,1,0.0011843586699887207
1373,1,0.0013281889605267435
1374,0,0.0015026984985759442
1375,1,0.0012642919616211883
1376,1,0.0014494443601305695
1377,1,0.0016657298330701356
1378,0,0.0015705648435845208
1379,0,0.0008306483272058607
1380,0,0.0004615595669221908
1381,0,0.00015939067130548508
1382,1,-0.00017060885282617718
1383,1,0.00010043182061607631
1384,1,0.0005827068039735586
1385,1,0.0008319821709557662
1386,0,0.0008925437318097429
1387,0,0.0006535947070104874
1388,1,0.0004809668576532013
1389,1,0.0007903648646647815
1390,0,0.0009419555874500283
1391,1,0.0010470630040369435
1392,1,0.001078010330847553
1393,1,0.0013674420235347264
1394,0,0.0013873729693292445
1395,0,0.001286641055087748
1396,0,0.0011944223969809304
1397,1,0.001030000868930731
1398,0,0.0010282260382084
1399,1,0.0007318861320936367
1400,1,0.000562966688319001
1401,1,0.001369305205911696
1402,0,0.00140467213619558
1403,0,0.0014664219364029318
1404,0,0.0014854395392737269
1405,0,0.0009785357656921742
1406,0,0.00041072865436418547
1407,0,-0.00013210954166138517
1408,1,-3.710425441436954e-05
1409,1,0.00012476690149208376
1410,1,0.0006215967255127746
1411,0,0.000535076768437845
1412,1,3.139830151944106e-05
1413,0,-0.00011590161733229459
1414,0,-0.00010067662373521526
1415,1,9.802208085093714e-05
1416,1,0.00027131200123652055
1417,0,0.0006632499485437314
1418,0,0.0007584693656374651
1419,0,0.000715105400041348
1420,0,0.0005198487350812009
1421,0,3.1367697144302416e-05
1422,1,-0.00017633787653972518
1423,0,-0.00013393539301122067
1424,1,-0.00021344750894004526
1425,1,0.00012906353558677513
1426,0,0.0002332290703522056
1427,1,-6.130265936941756e-05
1428,1,-9.509035159127495e-05
1429,1,6.809514138970667e-05
1430,0,8.440722488848902e-05
1431,0,-1.1483843054764025e-05
1432,1,-0.00010535541541200277
1433,1,5.8409298906475576e-05
1434,1,0.00024621114046687064
1435,0,0.00010727889001110222
1436,0,7.624792293274687e-05
1437,1,9.727505917412162e-05
1438,1,4.950700916727189e-05
1439,0,-6.052759752691437e-05
1440,1,0.0005562026365874391
1441,0,0.0007100999054375803
1442,1,0.0009017100043915377
1443,1,0.0008050628225739442
1444,0,0.0008848629817008538
1445,0,0.0006959909481404872
1446,0,0.0006482186950502248
1447,0,0.0006077700826402071
1448,0,0.00019983538645585274
1449,1,0.00041666130126497675
1450,1,0.0008280225745085188
1451,0,0.0006955945975654925
1452,1,3.958559131169836e-06
1453,1,6.035237804775149e-05
1454,1,0.0003931991119295293
1455,0,0.000523460175421472
1456,1,0.00046045065012504223
1457,1,0.0007453331994418902
1458,1,0.0009864386424024208
1459,0,0.001182923926398374
1460,0,0.0013157688544099824
1461,0,0.0013324733281211887
1462,1,0.00139426936521323
1463,1,0.0021050157323970814
1464,1,0.002374005676499324
1465,1,0.0024137890330009214
1466,0,0.002777781887250804
1467,0,0.0024534996821772167
1468,1,0.002063457110240266
1469,1,0.0020550255328085085
1470,1,0.0023153296693018224
1471,1,0.0024010199597405443
1472,0,0.0025064924013646884
1473,1,0.0024669385784440194
1474,1,0.002449353895147114
1475,0,0.0026259736147538444
1476,0,0.0025472528762965187
1477,0,0.0024624637689724628
1478,1,0.00238242984691071
1479,1,0.0027953878036991254
1480,1,0.0034047213299773023
1481,0,0.0035728586986042703
1482,0,0.0034609713136558727
1483,0,0.0030628828835823478
1484,0,0.002872331120127705
1485,1,0.002665013909901914
1486,1,0.0025585867014085175
1487,1,0.0027107754663043032
1488,0,0.002741756610205378
1489,0,0.00238011681153617
1490,0,0.0021404872176723024
1491,1,0.0020876063993810123
1492,1,0.002336302740987584
1493,1,0.0024251185308356428
1494,1,0.0025183991319021053
1495,1,0.002627207493815243
1496,1,0.0027488136855644473
1497,1,0.0028689445355755444
