,ROI,ROI_past_ma10
0,,
1,-0.009377234620695727,
2,0.0020806795622663916,
3,0.023225274999870812,
4,0.01442669723091753,
5,-0.013752167594609165,
6,-0.011596521973003029,
7,-0.014134216241093414,
8,0.020355631134923773,
9,0.009376545313788521,
10,0.002801452560361384,
11,0.001244459640364799,0.002340614037272708
12,0.0059213064476688814,0.002240963637553807
13,0.003523094435790192,0.002547658871730063
14,-0.005580273918548655,0.0026226923766577656
15,-0.031181028094979305,0.0020367662127144495
16,-0.04324898154961105,-0.0001777534077984674
17,-0.002743972014019121,-0.002869705166661754
18,-0.003062177186565928,-0.002862309098859246
19,0.01453816727740473,-0.002873412881509617
20,0.03141484154167563,-0.001957013925777283
21,-0.03237287075731383,-0.0002884211524046373
22,-0.03480325495069218,-0.0018162520859717416
23,0.004578234291824576,-0.0033156613070953983
24,0.014500868884836145,-0.002972448454968443
25,0.02285585864796458,-0.0022443935658099184
26,0.004539121548067192,-0.0012403834772589382
27,0.015685306164261444,-0.0010180948224387024
28,0.005524588196196316,-0.00039945034144980813
29,0.009167408704928064,-0.00018787753653387514
30,0.018674578143214954,0.00013471854075791588
31,0.012771685454995782,0.0007527138608398171
32,0.0007741146234456777,0.0011404226219416226
33,-0.0009873133549248888,0.0011289754969886242
34,0.0005402441720320685,0.0010648455317791238
35,0.00389138632229936,0.0010494160800218575
36,0.012145770060128314,0.0011306152298012147
37,0.003478794915154398,0.0014365917528658563
38,-0.003913370374687081,0.0014917864329277088
39,-0.002248817982410161,0.001349545464306267
40,-0.014463224777203238,0.0012572797349032817
41,0.006761890727988842,0.0008642671221006186
42,0.002683108480219338,0.0010081116002930144
43,0.0037529611937596225,0.0010479924783864981
44,-0.006127877952582504,0.001110898727581222
45,-0.01241437451216501,0.0009463810757593192
46,-0.012914480358595631,0.0006494753960276674
47,-0.005330469275932433,0.00035460679266629137
48,-0.00613504923974623,0.00023364772737695678
49,-0.029098931856084184,0.00010096654056189041
50,0.008553405657038302,-0.0004949497532472131
51,0.027144335586601787,-0.0003139826450415029
52,0.0038337076339600294,0.00022441575165738518
53,-0.012081156591066981,0.000293825210932436
54,-0.014092215141088906,6.033498825320173e-05
55,-0.040105851545546,-0.00020174927340128174
56,-0.021508326273966056,-0.0009272784056220949
57,-0.029185195004465214,-0.0012947971175568083
58,-0.04107532880143141,-0.0017841023436429208
59,-0.009461882237063185,-0.0024615372825703085
60,-0.0040124983742813505,-0.0025801871970532386
61,0.003972103225193389,-0.0026040590500070403
62,0.013237947544022481,-0.002496253111069328
63,-3.7653873903026895e-05,-0.002242475681148493
64,-0.04907650987983742,-0.0022074785096049144
65,-0.06554316826549123,-0.002939807124764797
66,0.023348446190275124,-0.0039029357576990495
67,0.04034484761600415,-0.0034900360312145927
68,-0.03384352467128519,-0.0028357840364799844
69,-0.0532394366197182,-0.003291780222285944
70,0.013495966594637586,-0.004015659300509599
71,0.009270426028384444,-0.003765493216293211
72,0.023412015368857203,-0.0035818887198893
73,-0.025748610363994978,-0.0032069733853233766
74,-0.030468075927523732,-0.0035157629329764122
75,0.0027573160750986097,-0.003879983378848674
76,0.0028172015976567445,-0.0037914860527960433
77,-0.016977210440156616,-0.003704529636342717
78,-0.0343184490877975,-0.003876902114314326
79,-0.017435125035316374,-0.00426717835756411
80,0.020026587294538375,-0.0044338612269027465
81,0.020977647979537585,-0.004128105620384732
82,0.006372364838826232,-0.003818158045077049
83,-0.000711240056153386,-0.003693883375761156
84,-0.011284758743914039,-0.0036579479140791344
85,-0.014465110684411255,-0.0037487432811009786
86,-0.028889597120414015,-0.0038748181917281584
87,-0.0058863258480650145,-0.0041656877141547375
88,0.02113550070330795,-0.004185465163969799
89,0.038137393689872116,-0.003897726915478006
90,0.018238606281536052,-0.003425422189575196
91,-0.009581489306497664,-0.003184710762118404
92,-0.023439555571961264,-0.0032550050318368574
93,-0.009078253366845476,-0.0034744023203164705
94,0.017428247734139007,-0.0035346587831823735
95,0.02176300862199375,-0.003311649139381083
96,0.017963000000000017,-0.003047705373471874
97,0.023116559219009035,-0.0028288438591648753
98,0.021006880803807224,-0.0025613654769156592
99,0.029993012380628157,-0.002320873167928691
100,0.004702490401211754,-0.001994470283599834
101,-0.006979132220617215,-0.0019275006767517184
102,-0.0030345837911369138,-0.001903519652750933
103,-0.0127703445255635,-0.001954672286284966
104,-0.026748539771778473,-0.0023146284815393093
105,-0.01272954180780898,-0.002726380851566269
106,0.024314621409921692,-0.0027161545936982673
107,0.016011237134901175,-0.00235704315986902
108,0.004523373538321211,-0.0020555886261090744
109,0.002734927216585853,-0.0022139112020751
110,-0.0022503956626602445,-0.0022803273830471265
111,-0.011344359626802303,-0.0023308458652773426
112,-0.011728395061728505,-0.002456734057949014
113,-0.013890872732466893,-0.002633231073042988
114,-0.0118976765149458,-0.0028073707447255586
115,0.015026468245347244,-0.0028705447706895305
116,0.022051411796360835,-0.0024084698072862646
117,0.00956959780559224,-0.0017554658738265457
118,0.013840586106452448,-0.001632330175630432
119,0.014512270239664431,-0.0014633025427002483
120,0.020392845947546315,-0.0014635615130776513
121,0.019562409554528846,-0.0015737814690189444
122,-0.006125912099100578,-0.0010544286659005177
123,-0.0013322743644128385,-0.0007676552373846017
124,0.008061217808344717,-0.0008267603239469759
125,0.00532629966816987,-0.0008911568347118901
126,0.0013844594811582356,-0.0010664524245098373
127,-0.0015886091461419203,-0.0010979990451789267
128,-0.025458744571827074,-0.0012707381982829606
129,-0.005133345664568697,-0.0015805715259631942
130,0.0018827532602123968,-0.0017235790696581619
131,0.02382198952879585,-0.0018914973184881874
132,0.02282272023486129,-0.001780994277750187
133,0.0041652216672800006,-0.0015605082216360304
134,-0.007611526505922926,-0.0015089828714139818
135,-0.026922883613396092,-0.001590500578193532
136,0.02740380664549976,-0.0018986432775504863
137,-0.007578581037746617,-0.001746062911696772
138,0.0036916938119794097,-0.001856636671225782
139,0.009154576983339095,-0.0017805860293591172
140,0.0015944854548796382,-0.0016665520797016246
141,-0.012303337165678451,-0.0015059749773807956
142,-0.0003838130997079038,-0.0016966272563174686
143,-0.006357205977174162,-0.001727296472116741
144,-0.003781194579220364,-0.0018283981438260788
145,-0.0272905782954103,-0.0018049313100924576
146,-0.02607986960065202,-0.0019536933479249105
147,0.006429902342062086,-0.0020853472403454744
148,-0.005845518724740304,-0.001967743524165529
149,-0.008440022092581764,-0.0019648482190154698
150,0.004056189640035022,-0.0017582591213804457
151,0.0032809304747852637,-0.0018032312815504787
152,0.009143001992937331,-0.002041865332668644
153,-0.011882555720809861,-0.0019887723890788704
154,0.0166261217391304,-0.0019867863803762994
155,0.014224997831555213,-0.0016796030115741063
156,-0.005079343608356867,-0.0011362945178030942
157,0.008851063829787287,-0.0009720046911470023
158,0.017049872253449082,-0.0005916421028044775
159,-0.0003021877567518132,-1.0390092255672459e-05
160,-0.007588575257559309,8.120685254744126e-05
161,-0.0039670531528978115,4.544608371466167e-05
162,-0.004551047583730781,-3.394548006625034e-05
163,-0.011180825825753646,-0.00021183543134378296
164,-0.015202702702702797,-0.0003232671508622892
165,-0.012742145004070844,1.54709209090571e-05
166,0.004034378264003883,0.0005434811535232609
167,0.010783858504335848,0.00035034047426054857
168,0.011270298010817302,5.4730583143865545e-05
169,0.0023828435266083896,0.0005058688099648904
170,0.00954178948738312,0.0010620916114281564
171,0.010921949826088479,0.0010225498403556117
172,-0.011967219282063695,0.001039065078332652
173,-0.011411531477501829,0.0006852727318234431
174,-0.001064656774934978,0.0008286435206883747
175,-0.008644033898305136,0.001122677712214262
176,-0.014820711230857188,0.0010086642124802246
177,0.011232447100851908,0.0008322850841950854
178,0.02124100107613384,0.0011143816596051704
179,0.013163508676697567,0.0016699761612444838
180,0.01739346214961898,0.0019759624983646234
181,-0.003703147551980954,0.0019496312469154296
182,-0.018788381742738555,0.0017028232916002442
183,0.0057478991596638445,0.0014512158257845961
184,-0.010683435242374147,0.0015158072179427683
185,-0.015226418692895418,0.0015218204529581674
186,0.0032085745126063576,0.0015142073728733258
187,0.011309180046033436,0.0018351890892035294
188,-0.01337891708795042,0.0020071441481445142
189,-0.010088582140422575,0.0016619999702319301
190,0.014273356401384133,0.0011797402119289836
191,0.006300291046053794,0.0011400877131274641
192,-0.02686665062688884,0.0012989055166529786
193,-0.0019832791252083494,0.001264634566103703
194,-0.006924233198211541,0.0013355843085200742
195,-0.045425594470521496,0.0010920594991965687
196,-0.04003742788033106,0.0004201734682714163
197,-0.0116008862788896,-0.00015983081053189442
198,-0.01710470062165995,-0.0005070052655108807
199,-0.009518853305785054,-0.0008881210797655525
200,-0.0076470588235295215,-0.0012832397366296846
201,-0.014932001662762614,-0.0014067352288770973
202,0.03377853910187487,-0.0014862639232985514
203,0.010088037296404546,-0.0011181326943684334
204,0.023288087977081602,-0.000889548876148753
205,0.0011308090756547314,-0.00038918259866015223
206,-0.009189592086576416,-0.00025057908982551515
207,0.020410435227106706,-0.0005856212247904963
208,0.01221656260656639,-0.0005416292438684409
209,-0.0010341446019434756,-0.00046469735318598916
210,0.0172323869234213,-0.0005023880713712825
211,-0.007971212107295015,-0.00030756024551046695
212,0.0011711532660195632,-0.00027382877031539404
213,-0.009284339251395721,-0.0001448332870379134
214,-0.02664129571799079,-9.876795222720168e-05
215,-0.006624662466246535,-0.0002462041442576516
216,0.004733621139898541,-0.0004627154513735893
217,0.016093409989376955,-0.0006358933579382123
218,-0.00048345625999218387,-0.000570655236100365
219,-0.00839347738061199,-0.0007138956597648114
220,-0.010021218950403163,-0.0009429531359675757
221,-0.02035838709677408,-0.0012470937849470706
222,-0.01923669305150694,-0.0016463017514600996
223,-0.001332250469950511,-0.0017774095609841632
224,-0.0018173107596993706,-0.0017774093220395402
225,0.007009906104152363,-0.001876194607719981
226,-0.006460474738675951,-0.001859358543360156
227,0.00486667746613697,-0.001937807885558498
228,0.0009502384824839578,-0.001873255019435709
229,-0.0002731096262039686,-0.0016091651888925987
230,-0.013436928702010957,-0.0015605628285089513
231,-0.011924563353742102,-0.001713759648131185
232,-0.004597312077115574,-0.0020712251769565643
233,0.009451162790697723,-0.002345425500076333
234,-0.017781452272896455,-0.0022925660888421556
235,-0.011123458584813012,-0.002394265346511891
236,0.013019160273610221,-0.0022362710962260603
237,0.00410736274026914,-0.002380117559944955
238,-0.007072252285874359,-0.002263258122164798
239,-0.016037433255976195,-0.0023708975831433356
240,-0.02199302290307896,-0.0026228176855364886
241,-0.04887731021842066,-0.0028586927691160746
242,-0.013921339563862857,-0.0032244324996434964
243,0.029528307926219365,-0.003359807764285046
244,0.007849028081939635,-0.0030009526252511107
245,0.02961368577288971,-0.002884650398639511
246,0.03488211905264978,-0.002315607757956511
247,0.004527511178462467,-0.0017059878714234928
248,0.005010949853383378,-0.0017250117830594888
249,0.0007076900154582861,-0.001616447097278252
250,-0.009657724329324671,-0.0015249699761978517
251,-0.008037909676907097,-0.0016621091158914485
252,-0.015230334928788418,-0.0017752975174083723
253,-0.024671386581726965,-0.00201903088662563
254,-0.03890729393910651,-0.0021469191952348007
255,-0.029490874159461992,-0.0027022533520171697
256,-0.00790683989013257,-0.003139412071927342
257,-0.0015752826464079017,-0.0031676870347450994
258,-0.02188197095517336,-0.0032719504995070508
259,0.005127794247255834,-0.0036612689315932753
260,0.006685596036373114,-0.0036069691115531988
261,0.007173973861955992,-0.003464227398613875
262,0.0030851854035252907,-0.003352817128465337
263,0.013495021901819353,-0.0032764547985927755
264,0.014860502759521861,-0.003029696321317046
265,0.051797040169133064,-0.0027290642666947997
266,0.036233269598470424,-0.0020836724149627603
267,-0.002434845550068048,-0.001761683501618095
268,-0.03750696075689897,-0.0018938705421621335
269,-0.03569815581482873,-0.0023816431298392966
270,-0.02241900952380948,-0.0027624531232536675
271,0.04806008968609862,-0.003082061113365594
272,0.025433525031463396,-0.002710679714765492
273,-0.001908930977691305,-0.0023366722716302215
274,-0.007246103332452737,-0.002241646266632116
275,-0.006208463067862119,-0.0023034607322072937
276,0.011270433580209476,-0.0022791050239028636
277,-0.0032579422889233204,-0.0020181935757921966
278,0.017135540885607755,-0.002163097469689949
279,0.010993141031663886,-0.0022041520715952103
280,0.011635484408871143,-0.0022258557480455466
281,0.02130975058370086,-0.002283435525453025
282,-0.004566126646088656,-0.002033306544096207
283,-0.015440198293047474,-0.001891083993129708
284,0.0048361590232063045,-0.002102964967656821
285,-0.0012351281643177667,-0.0019477690250010165
286,-0.022973812045728525,-0.0018078561197152402
287,-0.000649350625256075,-0.002069679985298589
288,0.02968684148948703,-0.002189265292011484
289,0.03872293890784713,-0.0017586077062371095
290,0.030948765677840485,-0.0012704924957544122
291,0.030224851033766903,-0.001103738402989849
292,0.020793686067019347,-0.000864492803112718
293,0.0034354473301100026,-0.0003878894361736361
294,0.007730107552562823,-0.0003337021716204526
295,-0.011593836941657039,-0.0001871587641127089
296,-0.013573883161512134,0.00015115881117593567
297,-0.019389756883626416,0.0004157942583641249
298,-0.022498592738530755,0.0003379055523167568
299,0.0024473026080743207,0.00028396663114804867
300,-0.00981234780117465,0.0004036281902866424
301,0.004309532750388958,0.0003819753005101912
302,0.0012210152083744798,0.0005743906446417069
303,0.01409668860616132,0.00024881540570670293
304,0.010650350909951015,0.00028890191880427067
305,0.0007616736342380131,0.0001625245481329648
306,-0.0023645955651181967,0.00015883319371879758
307,0.020388763971334423,0.0002270831589333798
308,-0.00270869244028558,0.00022686644637565697
309,-0.024118323320116968,7.761389590713727e-05
310,-0.012574125564509092,-0.00015322789127459764
311,-0.0012281295490852145,-0.0004512930161539016
312,-0.009906291480364423,-0.00038386219057180357
313,-0.01514492652059101,-0.0004946366380356434
314,-0.024367859547325843,-0.0005532425107275964
315,-0.006320710022808837,-0.0005305081490209469
316,0.011172185107719715,-0.0005274686245865699
317,0.007064313106662433,-0.0004630829849083581
318,0.0036996338351513894,-0.0005533739537355035
319,-0.001219970458659917,-0.0005115430527840676
320,-0.0016922685008278922,-0.0004398079835645469
321,-0.013289497731852725,-0.0003565184790687942
322,-0.0101176789755135,-0.00028582958541958063
323,0.010335340533298317,-0.0001946394446596462
324,-0.010420767158911525,-7.796353462715792e-05
325,0.01343734579432162,-0.00016399809861927946
326,0.01718032786885249,-9.972370171758692e-05
327,0.0052534275411396285,0.0001366843243576975
328,0.02651637019850482,0.00014055182510772405
329,0.04224127468614315,0.0003962131422679327
330,-0.02401520475768617,0.000821356985391404
331,-0.01466557256839575,0.0007155742248346516
332,-0.005192089594556267,0.0006881641326881152
333,-0.020945211359126907,0.0006822163575137083
334,-0.013248281769130647,0.0003782526160154621
335,0.004232475494812992,0.0004235843210531201
336,-0.014428574021307004,0.0005771436618493802
337,-0.027410172582891263,0.0003026663189002079
338,-0.0011057422969188472,-1.2509034331396157e-05
339,0.024351558126516133,4.715606555815897e-05
340,-0.005629784625511146,0.00045104597938308224
341,-0.017794271545515817,0.0006146783621587604
342,-0.006116247162588954,0.0009255087488878088
343,0.016152570910503868,0.001003559672900548
344,0.004632571649171836,0.0008698023027433928
345,-0.006758879821258422,0.0008376377384157149
346,0.010040123570299023,0.00047391208247423355
347,0.00822992700729928,0.00022549212765072594
348,0.01069120743483625,0.0002625162859390941
349,0.007851690294438296,0.0003193188617536228
350,-0.013111820510045715,0.0003907588645434229
351,0.003022186832675712,0.0003562179027362124
352,0.010024057738572522,0.0004668188678320406
353,-0.015294605706328932,0.0007193627945056499
354,-0.007212545191612416,0.0008131306032596303
355,0.00951283838999739,0.0011300780907345712
356,0.01435800010960308,0.001520115216229165
357,-0.006143037511909135,0.0017427636162265215
358,-0.004799123648054001,0.0016970860675715091
359,-0.015434782608695722,0.0018679145406427027
360,-0.013555030423574104,0.0016622887720831871
361,0.016892974126826475,0.0014598825074837152
362,0.00795312442734102,0.0015570725101324199
363,-0.012660281965038761,0.001605751900370577
364,-0.0075847573791466005,0.0013441988617019962
365,0.003943065758040503,0.0011197462603153114
366,0.0038935863982666272,0.0006412065162043857
367,0.019727916101353094,0.0003178096842023478
368,0.017372226277372324,0.0005394373007165591
369,0.0056781068065837785,0.0010882291710592722
370,0.007114602630821686,0.0015019917972733973
371,-0.0021794244270173092,0.001797327918819709
372,-0.008053690511531413,0.0012949327776885498
373,-0.012921613882620551,0.0009600606222586015
374,-0.03298136534991329,0.000849933793209309
375,-0.012272482853223545,0.0005925811730347035
376,-0.0032837881187982565,0.0005319409751810892
377,0.006768936218631545,0.00038639875819101185
378,0.0016154495722730288,0.00048666754326656057
379,0.014347626163121272,0.00033146663013321323
380,-0.010467128217306366,0.0003650114814477871
381,-0.001741238939104031,0.00014398535518601204
382,0.013596973896036679,-8.652454004203689e-05
383,0.03254414883401599,9.510646537921645e-05
384,0.044092152061625325,0.000574949936649851
385,0.0164664926022628,0.0009675098670340412
386,0.030904203926405537,0.001144526074699847
387,0.18680234096692097,0.0016833062344211874
388,0.018882294117647087,0.003557823150342958
389,0.009245580154849706,0.0034497776766245587
390,0.014922380998784566,0.0031550040890945845
391,-0.027794588052217545,0.0029947402423040254
392,-0.05359543408529113,0.0024145458514441805
393,-0.027335696696493727,0.0016706546499210759
394,0.012416256500951694,0.0013629432096550385
395,-0.000498730642567243,0.0014098046991389273
396,0.0034730167448740277,0.0015207557621298251
397,9.120223343859792e-05,0.0016912247611936867
398,3.0058672181180145e-05,0.001886034352364337
399,0.0055043641244524105,0.0021113208664714565
400,0.01347207795622958,0.0021418914816352373
401,0.006609147975014551,0.0023747357392092795
402,-0.014243534347882388,0.0023977318914555354
403,-0.006948366228398629,0.002243086395892967
404,0.03479287652340768,0.0020326358475473674
405,-0.011592612710483475,0.002274061103681934
406,-0.011490417759519105,0.0021505182402347194
407,0.00024663378545058495,0.00205926001829071
408,0.014721419800011829,0.0018578387164318716
409,0.001002877739666263,0.0020321398388348454
410,0.004297654237699417,0.002283351849432678
411,-0.015403399011653336,0.0024520696474547633
412,-0.06540420459125201,0.002310316952829082
413,-0.07887750827834449,0.0017553378217202058
414,0.019763569105442334,0.0011180120041426713
415,0.020526798117357588,0.001559326290670353
416,0.038656508743788245,0.001827801372072017
417,-0.01830378482726781,0.0021026446084327025
418,-0.026946619018662552,0.0018489636290934003
419,-0.037870160401936685,0.0015425011005552609
420,0.017513103295940493,0.0011759992011224933
421,-0.0014889968652037119,0.0013680529190901768
422,-0.029277854089176384,0.0014860579277566671
423,0.02251862720283865,0.0012944561766200383
424,0.003759844111071559,0.0014162890433154416
425,-0.0012272503388814826,0.0015580951560152723
426,0.01770458145674803,0.0014114491946832413
427,0.0034757691529953907,0.0014166917305621968
428,0.014398364052995319,0.0013989151466807543
429,0.013415419695616692,0.0012777350852256593
430,0.009195402298850495,0.0009894765353203948
431,-0.009842814124556197,0.0013215826058857612
432,0.0028869878138506827,0.0013698101903241572
433,-0.018497121951672548,0.0014506009644082263
434,-0.006357704340647992,0.00147508185848277
435,0.003078541890029077,0.0015439876327675967
436,-0.013590827706006196,0.0015324482967197575
437,-0.052127332985291625,0.0015408257598727656
438,-0.025725624778205947,0.0012936541558487618
439,0.020575571542765805,0.0010474553310358908
440,0.01609607065495691,0.0010096954651983875
441,0.029861743419812018,0.0012269540180030684
442,0.05277350050229632,0.0017035141676563464
443,0.015175301379969622,0.0022924116443051993
444,0.0009711212660379387,0.0022826389489998566
445,-0.01535284958231031,0.002246024445168518
446,0.0026738367316454115,0.002160084747557999
447,0.013393429115043081,0.002086421879171463
448,0.020890988236255424,0.0021380569002489008
449,0.009121080618127114,0.0022400547082630927
450,0.013587234329713972,0.0022527486114999806
451,0.014695307852745497,0.002519739159897578
452,0.006543025596778735,0.0026364703700982755
453,-0.020172938899915314,0.0026016600486803375
454,-0.0373841425616029,0.0025528767167444736
455,-0.003029844410942504,0.002251160743044569
456,0.06497986690097905,0.00212573391503517
457,-0.025251261245834284,0.00263195258294893
458,0.01777728445813408,0.0024408703456096784
459,0.014245069690327706,0.002666634426671559
460,0.01616638383812364,0.0029634329496617934
461,0.0010316712316447447,0.0032606470922787708
462,0.0029240034336605837,0.003102034063326954
463,0.01945464393681278,0.003051742853390149
464,0.013254068121755098,0.0033728921124086646
465,0.014361968645471923,0.003581280367417682
466,0.0036769153636307646,0.0036854693962919956
467,-0.006083882956481406,0.0036833026859456374
468,-0.0003427991441964548,0.003425184695367292
469,0.015620879120879142,0.0032480344411516043
470,-0.007673312722613713,0.003347462164294558
471,-0.026454182600283826,0.003199583010760204
472,-0.004800806323271906,0.002956835429027539
473,0.007795030718578122,0.0029893642709101337
474,0.01002030619106938,0.00319653071692212
475,0.013834651867070592,0.0036265474323319475
476,0.022664456693487864,0.0038876187795348887
477,0.009619108280254775,0.0041471012276577505
478,-0.010084041568573872,0.004175602948273982
479,-0.004786741999242968,0.004058608036865513
480,0.0003628400099220102,0.003867264355241871
481,-0.00820370274065209,0.003975564037514154
482,0.015443041726873297,0.003910939399498674
483,0.014225415286723839,0.00392940007780704
484,-0.021712855225396968,0.0037462127423341183
485,-0.0017295531413344274,0.003088162669463896
486,0.004261397149575721,0.0029062022120279235
487,-0.006307156183224689,0.002639774144259625
488,-0.0025506606959142058,0.0007086791727581688
489,-0.014343172091816934,0.0004943496246225559
490,-0.017247501479917222,0.00025846210215588953
491,0.01807738269486288,-6.323672263112837e-05
492,0.011753613928599825,0.00039548298483967585
493,0.011461415230727225,0.0010489734649785853
494,0.004252762415767932,0.001436944584250795
495,-0.031120385865133687,0.0013553096433989572
496,-0.00838077238898382,0.001049093091173293
497,0.005346936635869105,0.0009305551998347144
498,0.005547725135155799,0.0009831125438590194
499,-0.006293062061269764,0.0010382892084887655
500,0.017852522194673575,0.0009203149466315439
501,0.03111693506493513,0.0009641193890159839
502,0.004205898529991488,0.0012091972599151896
503,-0.020089197436183412,0.0013936915886939283
504,-0.03602343266287812,0.0012622832766160804
505,-0.0008790605909455109,0.0005541201847532224
506,-0.0062427165950678775,0.0006612557059486021
507,-0.01248722596886269,0.0007137327175931144
508,-0.0208709823073053,0.0005863941200499817
509,-0.0196977539368215,0.0002304700989768104
510,0.018293544641027514,2.3463782211932788e-05
511,-0.028592590136623228,0.0001634226862452137
512,-0.02395438716615663,3.153077499551484e-05
513,-0.01925619789078469,0.0004460289492464687
514,0.012802969055902353,0.0010422420531220667
515,-0.002207845587724736,0.0009726360526266668
516,0.029423489413429097,0.0007452896155758436
517,0.03511670953015837,0.000652959422272252
518,-0.01129374723955516,0.001187164365846514
519,-0.013511023512824702,0.0013436930836375877
520,-0.023979541955112652,0.0015872844525287077
521,0.01686401591890177,0.0011723580000181763
522,0.03137406358796512,0.001355888127859231
523,0.029120378705384566,0.001962407304630646
524,0.012512045224697161,0.002028424819656105
525,-0.06386008425433676,0.002115946830792361
526,-0.07153940254208176,0.0014896184916378087
527,-0.05483554707960083,0.0005971786516495108
528,-0.029414250618097892,1.4065489323548398e-05
529,0.019398558032763857,-0.0004240606573873837
530,0.020059167907039786,-0.0003642292740159121
531,-0.007628626420713935,-0.00025559161793401917
532,0.015150644364803375,-0.00023344974089559655
533,0.007624155796745231,-0.00011081317538606962
534,0.018534753177061155,0.00015039960209810817
535,-0.013053590814502851,0.00039932417727519957
536,-0.01614537488989184,0.00023800285022988036
537,0.018368516182065534,0.00021245737839102388
538,-0.016750970747541383,0.0009174158700645954
539,-0.007161603084974523,0.0010071624103712411
540,0.02604810025325008,0.0007297906640938379
541,0.002669691394740816,0.0008293109600767695
542,-0.02232824427480923,0.0005573904398260575
543,0.02936205351905827,-0.00019362700794499802
544,0.025204492588506627,-5.175948655411152e-05
545,-0.015184432937541337,0.00019057422667057534
546,-0.012522232177266014,0.00019225839311826507
547,-0.02994019978550883,4.02977040291508e-05
548,-0.016024326001516872,-0.0003930385849763683
549,0.024026371011808278,-0.0007621917273540912
550,0.023770628627336858,-0.0006131388234172795
551,0.02346830816581704,-0.0005113048804410509
552,0.013906344647439787,-0.00042357487731033524
553,0.007517054176220506,-0.0003499416868037248
554,0.015200692077979059,-7.304175604236656e-05
555,0.012589306790983329,0.00045280659035345296
556,-0.002956510261994374,0.0006089981023727114
557,0.0006959021914602607,-7.036566925702291e-05
558,0.008144208410664685,0.00018910596511592252
559,-0.0011603554358854526,9.27752046412286e-05
560,-0.011148202004322918,-6.127904662090299e-05
561,0.0027689030146724226,-0.00033442490504536856
562,0.012854253030628118,-0.0003170525872150918
563,0.01945128008976115,-0.00021775009124541645
564,-0.0069121724528448175,-0.00021778372971593276
565,0.0017310305333575046,-0.00041944613546193184
566,0.010512942547786824,-0.000545755516583076
567,-0.01421676205464591,-0.00047739524474151544
568,0.013111154387181329,-0.0005587240357231605
569,0.0030086299487294584,-0.0004241845004093827
570,-0.007643861591069502,-0.0005503069921308795
571,-0.010876519797786022,-0.0005500124808154375
572,-0.0014762297073938728,-0.00039423585279045934
573,0.01777355806670204,-0.00036099008663167904
574,0.006594799667531241,-0.00026120481315043985
575,0.005984265064781963,-0.00029545987838582125
576,0.01570591795198366,-0.00037396374640870757
577,-0.005050026405107078,-0.0004435491338237496
578,-0.019709145112756742,-0.0005902404806773681
579,0.0010780840905591045,-0.0006864915161191969
580,-0.050867760587982674,-0.0006278432552211761
581,-0.0022851958512506115,-0.0011401492612002231
582,-0.013571795005273946,-0.001080964192306208
583,-0.030842776098364433,-0.0013711125596276809
584,-0.027932527103417246,-0.0018217944734785633
585,-0.02130542323810851,-0.0018839911922587662
586,0.014613985837244003,-0.0020797498932265067
587,-0.004888189546910044,-0.001976224006349824
588,-0.0015859368421053276,-0.001962034339986678
589,0.011234177703236507,-0.0019523871014485888
590,0.014237734265734346,-0.0016966136034980545
591,0.023771411857023146,-0.0013817612460415387
592,0.017448823928686494,-0.0013248209544199363
593,-0.006000353597465035,-0.0012678688544190695
594,-0.016812536681992736,-0.001442486542700992
595,-0.009795000535245927,-0.0016531395336785986
596,0.005064490240717632,-0.001439885680379721
597,-0.005701927324939334,-0.0013054330540827066
598,-0.01269389618652648,-0.001415921693690791
599,-0.0044398052732026886,-0.0015983379069076137
600,0.004747264242036414,-0.0015798053390269431
601,0.0011025597463885698,-0.0017108579185533147
602,0.018125502982707865,-0.00201100167173878
603,0.025352476210321506,-0.0018718056272116162
604,0.002625850340136025,-0.0014173888907465673
605,0.015760924341329474,-0.0010308960607164257
606,0.015376089815731247,-0.0008644962113936759
607,-0.00040066242854854873,-0.0006483081472856847
608,-0.005611420631421334,-0.0005274425118825433
609,-0.013724728588660981,-0.00037484689512370364
610,-0.01541498832310649,-0.00031511664164209845
611,-0.010033798511409514,-0.0006522019712834385
612,0.01317380974681584,-0.0004666140550313013
613,0.004083867698924577,-9.533208590157664e-05
614,-0.005264086179060212,0.00013806856999551602
615,-0.005530239675786507,-4.260198235410964e-05
616,0.004699706648222729,-7.582592323472734e-05
617,0.003948965460503845,-0.00032306375088679107
618,-0.014518478991916332,-0.0006347411915833363
619,-0.032570389377723705,-0.000666988509106948
620,-0.02115363395666687,-0.0008575821677559381
621,-0.002013177401787196,-0.0008293230877714803
622,0.0005915076569680572,-0.0010180950209783698
623,0.0011484070064673704,-0.0013259205802883406
624,-0.035676644852578994,-0.0016056402972775125
625,-0.013083733372465807,-0.002087527198050274
626,0.012850005128280408,-0.0015797636892315645
627,0.00552520342146165,-0.000735869612527943
628,0.013352259575598314,-0.00013226210751731812
629,0.01806066078979431,0.0002954029944196439
630,-0.0002978868161144699,0.00028202402198994846
631,0.00561699834044894,7.84534747584059e-05
632,0.01060236595215004,0.00021090972237003465
633,0.010801115015952049,0.0001654269382435013
634,0.023418177212339512,0.00019719653043556945
635,0.018195184504317834,0.000246030770788353
636,-0.0033337522315621845,0.0005585185239765599
637,0.00038068304381424703,0.0006866347505598564
638,0.002302722356125227,0.0005067564191773436
639,0.01646426495180194,0.0006972933502140098
640,0.02100532585274629,0.0009335520305817743
641,0.009614999933321825,0.0008831242865767364
642,0.0004774749811675781,0.0009525773719625466
643,0.00301196845505788,0.0011806345645223146
644,0.00026403633169510193,0.0009171337138823108
645,-3.9568156466337714e-05,0.0006677291513141955
646,0.005874432513317909,0.0008191777991249455
647,0.009051687995484087,0.0010031444460307847
648,0.029264865790935287,0.001393063323840714
649,0.004049065246815727,0.0018459552417652353
650,0.017097410604192276,0.00164618218411531
651,0.0019941052765077368,0.0015794500038838642
652,0.0009792458734543725,0.001364707974990771
653,0.010886475518302087,0.0012354369872509168
654,0.006399119961027365,0.0012691312006717329
655,0.0018362779611979674,0.0011811154795022159
656,0.004972119105821562,0.0010735851912043624
657,0.001424917875598342,0.0011528714848825215
658,-0.004219724461602006,0.0011601616417239024
659,0.0010805996576632307,0.0010365223130012354
660,-0.007457737143989789,0.0010589318639367222
661,0.0023895706879793854,0.0010958365125400536
662,0.003437525000000008,0.0010920431892731232
663,-0.0070900960022800006,0.0009978759089668422
664,-0.003550882284143726,0.0007324621480464306
665,-0.002404503447784112,0.0007660750497334415
666,-0.008594793553607491,0.0007247197099220254
667,-0.0069773864161178905,0.0005336423489080822
668,0.0015404293707286909,0.0006060361052933625
669,0.004201945765877152,0.0004903288551288361
670,-0.0014248534140344818,0.000502262013300313
671,-0.0038215365800238783,0.0005644520950706632
672,0.0022796352583587492,0.0006350019272482846
673,0.006174373246151944,0.0006725605769058109
674,0.01603231606875653,0.0005565687287003099
675,0.012024299503966733,0.0006509438927125627
676,-0.00630010025621037,0.0007113442371044104
677,-0.02078939813768168,0.0004912840550224701
678,6.267135878084094e-05,0.00033389033769672414
679,0.005353566239047157,0.0005316085024120999
680,-0.004471001624664663,0.0005743633238969805
681,0.017396213919373512,0.0010383309135301607
682,0.010075796508904916,0.0012351450112364018
683,-0.004543040224274794,0.0014716209263781904
684,-0.001660246408108745,0.001734618285119087
685,0.006287475000000065,0.0019973410920721716
686,0.018333649502034158,0.0022732700744532578
687,0.006123481481481534,0.002310466711101159
688,-0.015322521284687236,0.002420583421385075
689,0.0011236570812364465,0.0022832175769592557
690,0.010263996364915146,0.002182112370739255
691,-0.0017908417518368073,0.0021423749917310634
692,-0.003927034426371693,0.0018867524556424637
693,-0.004006943753110921,0.0016729938720918818
694,0.00029907171638077744,0.0016929279705354227
695,-0.0046832049689441045,0.0018640440545191583
696,-0.0036228288740156244,0.0019151620101821765
697,-0.004191100492267054,0.0018282888190348436
698,0.010224187951207019,0.0018433970873615666
699,0.007015561230842366,0.0020725779287389017
700,-0.0029477627522507574,0.0021871315937793522
701,-0.009704936203753777,0.0021101813238364807
702,-0.001823687723803455,0.002002106364335057
703,-0.0007555142546159941,0.0018026144572699438
704,0.019231032643084803,0.0015415345526205687
705,0.015511969037765973,0.0017075863756500565
706,-0.0015190549893288208,0.0017050968226144214
707,-0.004229276631508361,0.001536145374563821
708,0.01919509756097565,0.0014978592325342226
709,-0.0018551963797854287,0.0017459244144581926
710,-0.01955871245220549,0.001864619736546948
711,-0.01181204690521434,0.001823182495255958
712,-0.00419192952231613,0.00180540001131791
713,-0.02414639496125532,0.00163174261862659
714,-0.020609657751281426,0.001349439992024791
715,-0.02768626358568609,0.0011959842763025789
716,-0.030455153194130686,0.0009744240372035833
717,-0.004333919915050082,0.000622875438780049
718,0.03984187838303843,0.0005400465850245097
719,0.0214226801327711,0.0010836501587740575
720,0.004438686721477142,0.0016235808538790054
721,-0.026863525357333252,0.0018795040606604458
722,-0.04722217283950616,0.001631000581104985
723,-0.030367811948867857,0.0011528637761402429
724,0.004405462724021378,0.0008377015865868905
725,0.018955727042358962,0.0012385226623528943
726,0.020430388619194766,0.0015589172665011418
727,-0.008345047923322758,0.0016347211014102856
728,-0.0030107599880391765,0.0014960185879624415
729,0.008867780718873775,0.0013323883923260665
730,-0.012661757115761682,0.0012404595916168611
731,-0.011766667759313582,0.001116820888620389
732,0.004063326457281979,0.0009429842276227637
733,0.014248088906019259,0.0008775938326740832
734,-0.01585529860867345,0.0009120635715747553
735,-0.03139026580203953,0.0005193288133646255
736,-0.018097796257257864,2.3474310301052e-05
737,0.021420080813227785,-0.00012416612995590478
738,0.008025922077922144,8.622784773823059e-05
739,0.014458093911946924,0.00014345984495619976
740,0.019514019629103947,0.00012339813455764962
741,0.020808399541166346,0.0001084850723212262
742,0.01075941448767671,0.00022041906839967142
743,0.013071170868736687,0.00032323846346476266
744,0.006770196747133702,0.00042383048760155086
745,-0.00033091478745657957,0.0004888920917559368
746,-0.009200327884897724,0.00048597862544603435
747,-0.007100023045055687,0.00033523102146387805
748,0.007315070005064497,0.00017371391105848032
749,-0.0014384105988273668,-4.57840468002276e-05
750,-0.007404452689757521,-0.00010065880525665854
751,-0.001606797596994242,-0.0003456774381961565
752,0.0023761338999237686,-0.00038168646693117624
753,-0.005082307220770148,-0.00036771758666648236
754,-0.012848388722904511,-0.0005274054140572048
755,-0.012314134774615557,-0.0007198805008965234
756,0.005976046114963695,-0.0008613846282546586
757,0.008930629208894663,-0.0008513453581632372
758,0.0038647718545672897,-0.0007762882448302741
759,0.021931938080495417,-0.0006954432816685812
760,0.014957263279304082,-0.0004869298974402593
761,-0.0004356886035143345,-0.0002627798932073206
762,0.00337335412963849,-0.00029103248612225783
763,0.0035203599351488826,-0.00029167419482587295
764,0.00309041751588449,-0.00018556963545158413
765,-0.004259879765580682,-0.00011915663745130198
766,-0.0011807228915662528,-0.00013771040062926767
767,-0.006543841574170091,-6.35696940088553e-05
768,-0.0010012062484630387,-5.9234245589377294e-05
769,0.018502262408291566,-8.465060178129459e-05
770,0.02154853734089108,5.8352564642849546e-05
771,0.013542279948576772,0.0002880864721921052
772,0.004018440441992182,0.00046172463747811164
773,-0.016320354259248115,0.00047911268931444603
774,-0.04094293269050216,0.00025416541426044544
775,-0.02015391918968967,-0.0003155870733321414
776,-0.005198218679595822,-0.0006373692602687055
777,-0.00696609206392977,-0.00062635044450256
778,0.0062944785276074266,-0.00048811738376504084
779,-0.0018344853505772357,-0.000425799312076775
780,0.010122715730577554,-0.0004976798279730189
781,0.005305802286817616,-0.00035174265442059675
782,-0.0005659759294433489,-0.00047264677074615566
783,0.0037512656151042307,-0.0005790644951296384
784,0.007215391253145814,-0.0004961214367358482
785,0.0027814493389733365,-0.0004073650601233025
786,-0.0029174179338966183,-0.00044242531673356985
787,0.004005746426759139,-0.0006549359910928776
788,0.009600477271329295,-0.0006761133416401016
789,0.009461506910009784,-0.00042688335607993623
790,0.003974079695558787,-0.00034350485779220284
791,0.003537664927468613,-0.0004064040244857664
792,-0.0038422239074535234,-0.00035311895769271216
793,0.0023830826402405844,-0.00035227085250353056
794,-2.374104920424052e-05,-0.00028837058857001546
795,0.011093456068920775,-0.0002915987162258657
796,-0.0017970823838944511,-0.00013383210584721683
797,-0.008443181018237716,-0.00011557464094600513
798,-0.001967159091741699,-0.00015809544620571173
799,0.005065772502320892,-0.00028000891663519894
800,0.007530156210139785,-0.00029950680392041364
801,0.005532633417696714,-0.00019472761429650823
802,0.009043024561935762,-4.2351918082003326e-05
803,0.002179251289173495,6.631520477538884e-05
804,0.005901327788297338,9.566286021328374e-05
805,0.005371878437047693,-3.763418833459091e-05
806,0.0023734590495531503,-0.00013903509434177368
807,0.002113631876819002,-0.00010010995395295398
808,-0.006604203214183924,-3.668086886968037e-05
809,-0.02224315734101207,-0.00029467387662127613
810,-0.0232856595308673,-0.0004985534862335425
811,-0.011571808908315873,-0.0005358229570201606
812,-0.007428184314051748,-0.000533420577051176
813,-0.004144869555575687,-0.0005657831249685321
814,0.015143354349004488,-0.00036576787091173576
815,0.012123497668818208,-8.23774990887663e-06
816,0.007985713248633298,0.0003898598626361664
817,-0.004906218571004358,0.0007742685270638063
818,0.011714346721640671,0.0007685455405042635
819,0.004500783505154579,0.0004872702238902858
820,0.001073042402214921,0.0003180512576141206
821,-0.011243556293947696,0.0002843948144214984
822,-0.008710959798044076,0.000440594505055354
823,-0.0039053491124259555,0.0008257066354699748
824,-0.001972597856310951,0.0010903312638343937
825,-0.00028506594475625205,0.0010265506580310704
826,0.0020513560575340754,0.0008341427281599184
827,0.016753115987497316,0.0006503524025433114
828,0.01498730656778139,0.0009013340416515122
829,0.004656696569233041,0.001081314707209718
830,0.0031374987610655832,0.0010392038657133103
831,-0.0009189289785283647,0.0011971964244815831
832,0.021275383852356996,0.0013056738122894354
833,0.023490396032186448,0.0014777943862401854
834,0.007798200253852524,0.0015702174575018574
835,5.6069733786563705e-05,0.0018067524461271172
836,0.03878656179775283,0.002121215801485378
837,0.004111905185965452,0.002690059382035485
838,0.014002055943299214,0.0025169776257628618
839,0.0162653673099802,0.0025767389644166323
840,0.019945472145912205,0.002594811698396965
841,-1.0523103473577162e-05,0.0025991262235650473
842,0.0020591814127264465,0.0023909369971186483
843,0.009773560403745602,0.002303934666369146
844,-0.006751084154199487,0.0022709585617192354
845,-0.000345171606007583,0.002135745752705903
846,0.004047157103452305,0.002135603184520393
847,0.0014302238793037101,0.0022680780344038936
848,0.009756178752002086,0.0023533805036474874
849,-0.02218880090545168,0.0023777915911168635
850,-0.009586308021541904,0.00217028768805062
851,0.012139482612383441,0.0021484691347327762
852,0.0118070571945815,0.002285931936826553
853,0.014158872065156702,0.0023802411697731304
854,0.0078869230094659,0.002572652962632399
855,0.017021081557738467,0.0027800060799561027
856,0.014576118190477685,0.003073358243279643
857,0.004203629201759258,0.003159358964034783
858,-0.0054508816120906484,0.0031120889639634293
859,-0.007950130836869133,0.0030189324292968496
860,0.005207071930249365,0.0027201117401232044
861,0.015466451906929036,0.002622609826632657
862,-0.0012125785164179722,0.0027816312317370906
863,-0.001804028629156892,0.002735771905276526
864,0.005194787464384133,0.002682528019633469
865,-0.03396626406166972,0.002703571719118465
866,-0.04344154418476387,0.002406507876157574
867,0.012287236893206908,0.0019838996632255985
868,-0.004228241549149348,0.0021722104478993686
869,-0.015704827649212556,0.002139940094892505
870,0.011181177376401745,0.0017978691943174641
871,0.018070632940464123,0.0016941955946725706
872,-0.0006805961194491612,0.001739479124591444
873,0.003363074373544369,0.0016924887589770308
874,0.006005418143874186,0.0018893230453049556
875,0.009438369872690224,0.002358806553648719
876,-0.0034956841211405596,0.002654729444272518
877,-0.04233335353535351,0.0026717547898570705
878,-0.0006136231025946771,0.0023180821751428334
879,-0.013506447867661416,0.002249001158840812
880,-0.02277815687647751,0.0021322815336699704
881,-0.025985465397187123,0.0018032728075994197
882,-0.001028696363744692,0.0014903601307593723
883,0.0037762389910459587,0.0014857329264163588
884,0.017091913513513492,0.001485982660175776
885,0.021493227639394576,0.001584747882779453
886,0.012293603694463735,0.001771865665783665
887,0.018032192525518763,0.001923975882067269
888,0.008315509196251429,0.0020642403430548655
889,0.006293778197491222,0.0020513906623040863
890,0.0020122997533408983,0.0020197133751789008
891,0.010887782248124277,0.0020000955757567217
892,0.019941255443849226,0.0020735967489632786
893,0.002202018161432697,0.002311431542476306
894,-0.003169448472194557,0.002309620897688227
895,0.009413548849068754,0.002278163823458324
896,-0.025218830088770492,0.002261364751259804
897,-0.00555271453590189,0.0020271472742110436
898,-0.02083718826456137,0.0020560519390344016
899,-0.011195030850822426,0.001867351647306205
900,-0.0026266098745087577,0.0017047436137747716
901,-0.014000020833333368,0.0016031759529282863
902,-0.0001793397448716562,0.0014078494104179853
903,-0.008509337252535007,0.0013156257673499114
904,-0.0034875354130213506,0.0012087398819328264
905,0.0019068807418561955,0.0011148512499196395
906,-0.003514437764151405,0.0010802012729677244
907,-0.004458333774581986,0.0010213223048306788
908,-0.015834620580006915,0.0009556026483166691
909,-0.00525131550802144,0.000863298474658439
910,0.016476989174589677,0.0010332168929883454
911,-0.0010542345310623575,0.0014308433800429151
912,0.003443099728726991,0.0015360191238154503
913,-0.014438268260292205,0.001644731964243238
914,-0.017784633708778502,0.0015417979771960727
915,-0.006591296610310875,0.0012125180966182428
916,0.015803017345430662,0.0010253701538269519
917,0.01685082419953398,0.0011035431947949254
918,-0.00011733191536098484,0.001321113622500309
919,-0.013997922794122743,0.0012027968361302923
920,-0.01179708503523345,0.001017809773137519
921,0.004152809196342398,0.0008891084987630353
922,0.02574048533636648,0.0010430721536659362
923,0.020915493263319408,0.001387586605010042
924,0.006012892444529087,0.0016357950287674955
925,-0.016700261800364147,0.0017156499317758959
926,-0.005111568872094432,0.001551497973219817
927,0.00637795445605953,0.0014798687239235316
928,-0.003007741466444683,0.0013761171086091538
929,-0.006749499699915677,0.0011961666282668932
930,-0.00058067988638754,0.0010821046655754062
931,0.0037172727639658495,0.001044922879100875
932,-0.0056795767031379086,0.001091284896525817
933,-0.011321332163241727,0.0008217352909708679
934,-0.010998989224457419,0.0004736180090165862
935,0.001978567074148866,0.00028564611423348684
936,0.015137977303093908,0.0003048710876371098
937,0.010472054632526269,6.838524269052058e-05
938,-0.005136510599326681,0.00013198673715612876
939,-0.009005356555681604,-5.939892827013019e-05
940,-0.002150236840704541,-0.00031210616692674823
941,0.024778742695635517,-0.0005330632567929157
942,0.023410483836254325,-0.00028517059880182476
943,0.01826930196078426,-7.165757456654595e-05
944,0.0015217805698090746,1.3299841003840615e-05
945,-0.0036591194863093267,9.602848824392624e-05
946,-0.0008060895781589565,6.288900944090879e-05
947,0.01382024339713008,1.435654262479617e-05
948,0.021433176739070085,0.00013825673780305987
949,0.012561244897959222,0.0002550267176737399
950,-0.007236201005025063,0.0006025271757078489
951,0.010398915108990565,0.0006260282458730172
952,0.01679408315133878,0.0006086225708390885
953,0.004014583917465313,0.0006584928304066613
954,0.00023777387052840773,0.0005570499489297474
955,0.0013569327646154134,0.00048055845754037247
956,0.005260839146317749,0.00032391696960914194
957,-0.009109400757256202,0.00023076417916754262
958,0.0003185469085552561,9.7633879577388e-05
959,-0.021359435552168415,0.00015532816478384706
960,-0.01660397175837109,2.123511763085426e-05
961,0.005027896502222112,-0.00019687531925535032
962,0.005221693962539553,-0.00030126087330241955
963,0.035253898464650976,-0.0002369181485128443
964,0.0020757136344678683,0.00013366112242523437
965,0.0037700649073030943,0.00010247038412607174
966,0.009293300705002864,0.0004798336738157999
967,0.006416878708627571,0.0010071821227134673
968,0.009615477071894923,0.0009484785408676738
969,-6.716854342515288e-05,0.0010869157270781166
970,0.003135964040188145,0.0012432923181359904
971,0.008231372675896671,0.0011628401847738545
972,-0.002218884857271318,0.00106444758212818
973,-0.003673702149858649,0.0010490646947499585
974,-0.0025577897140871613,0.0009786969295159282
975,0.0008070714679656059,0.0008930648509363147
976,-0.001262440686796405,0.0008067518668890687
977,0.013014492753623132,0.0008290843012325101
978,-0.002753347773766599,0.0013825627641222765
979,-0.014421794078041719,0.0013611655174105572
980,0.01380308906955777,0.0013520120553067545
981,0.011422676270579584,0.0017178245147671074
982,0.005099147705375886,0.002091905931444774
983,0.01671102691203395,0.00215318437213598
984,0.0044588453393003555,0.00228253225134586
985,-0.03408787727841262,0.0021562015696037283
986,-0.018945634984401754,0.0016003905204256567
987,-0.014298901309733289,0.0012879981336370017
988,-0.017992876621927226,0.0009646871952844812
989,-0.007978186572838932,0.0007016033371026946
990,0.02149382288647753,0.000558883689399393
991,0.027594144729075596,0.0007536989207307592
992,0.012846641388195098,0.0009207625455402726
993,0.0001520997138266054,0.0008498164049837313
994,-0.0022262370256205706,0.0008293172205076704
995,0.0013238095238094836,0.0008387493349734102
996,0.005123203558664706,0.0007578519417208176
997,0.015641947696635794,0.0010612722781951694
998,0.020032375491781582,0.0012732189005205464
999,0.0030935019032375492,0.0016819145380839759
1000,-0.008734833913781187,0.0018247998656245757
1001,-0.009316156434959914,0.0017637176252318515
1002,-0.006072215548364412,0.0018105562692155859
1003,-0.003878504672897255,0.001751627511180658
1004,-0.007897907768713549,0.0017979358369770357
1005,-0.009985017439151858,0.0017538321134201137
1006,-0.008331391072372626,0.0016349131316100332
1007,0.01678837253641921,0.001586743598527821
1008,0.03656148911584795,0.001799210661637833
1009,0.020327191163803784,0.0023231717585963816
1010,0.012031829658460046,0.0025789568253146338
1011,0.00975119833701216,0.0025345052301533376
1012,0.0016111791469158893,0.002642559558834083
1013,-0.007421068498604042,0.002624240353015972
1014,0.004561933317504316,0.0026944123506328537
1015,0.016488208925781348,0.002917878020895681
1016,0.018556868416235082,0.003148673076256604
1017,-0.0010610623613063182,0.003176211586964648
1018,-0.00034321869225925985,0.002997092721356245
1019,0.003642427763943141,0.0029948338535872626
1020,0.02296071240721743,0.003171237359167921
1021,0.028282351129291332,0.00351881533359243
1022,0.000572363382561854,0.00376011075292192
1023,-0.0023967155159291638,0.0035084295333838726
1024,0.005801560078257982,0.003275307445591387
1025,-0.0008841545204610318,0.003273194121928676
1026,-0.008947844816570936,0.003431355194727707
1027,0.003820908065723317,0.0033929924352829426
1028,-0.00187530099848116,0.00336742197137958
1029,-0.04829124397316301,0.003378746376059215
1030,-0.05768035187171961,0.002963328933326742
1031,-0.014700920665829325,0.0023923322134734213
1032,0.020725719632377338,0.0022081502791754695
1033,-0.07120932244745334,0.0024722032425306224
1034,-0.012831781256191745,0.0018733233396885057
1035,0.027956525674670045,0.0018549954193711627
1036,-0.002394295286134793,0.002114775005376374
1037,0.02161900952380958,0.0019394522794840873
1038,0.03513166780484106,0.0020509218283969203
1039,0.011121897436487265,0.002453603612438598
1040,0.009338052814905252,0.002654876152360287
1041,0.019208243347121085,0.002769759048916385
1042,0.0007212514391397843,0.0027140540554312404
1043,0.007970174325616313,0.0024871617314600946
1044,0.02238395978016479,0.0023841704551084155
1045,-0.012678228980231222,0.0025927922472119723
1046,-0.03478188275278686,0.002502601152272753
1047,-0.04508911034185779,0.002162843220526475
1048,-0.022892369398266554,0.0015737496831365958
1049,0.03476438249359663,0.0011304942217632294
1050,0.02111982706650111,0.0013525255977196035
1051,0.011741203157608222,0.0016360858784348652
1052,0.033454787310898224,0.001649508758921042
1053,0.03906192196451992,0.0018161158005166364
1054,0.02319443697040586,0.0021665891809871823
1055,-0.021578473397338677,0.0023961558119859573
1056,-0.019576201660244277,0.002166801750366416
1057,0.00419790532033683,0.0019184313423007957
1058,-0.013178823386135612,0.002051504403076726
1059,-0.047846971122275685,0.0019165307001298175
1060,-0.01964641783567137,0.0016516553444287446
1061,-0.0040057721779232286,0.001621230883655742
1062,-0.03608008508086116,0.0015308941968542886
1063,-0.04949956018925749,0.0011178764064202814
1064,0.0025870435225079608,0.00027034181988119674
1065,-0.04155718716080683,0.0002754551187615977
1066,-0.05519317605038063,-0.00017781740191950154
1067,0.03516277839001947,-0.0008226821694733364
1068,0.00140423845879218,-0.0005352231726594175
1069,-0.008699772120048715,-0.0006173355587904449
1070,0.013344506487123129,-0.0007036615945566805
1071,0.03447103442034467,-0.0006015761700873308
1072,-0.03482447271093948,-0.0003391795526428508
1073,-0.0029419998620271487,-0.0006652354311795325
1074,0.01613666162379248,-0.0006579184083012174
1075,-0.005047308446411587,-0.00047097389492242096
1076,0.005125969190929003,-0.0005295176940661929
1077,0.0044304922322319674,-0.00046563359528893877
1078,-0.0007546351430497225,-0.0005514736005028505
1079,0.03233702835828024,-0.0005314864741956817
1080,0.013371654478483678,-6.38982498324621e-05
1081,0.009675535907915561,-6.821259574320301e-05
1082,0.007764139118070693,-8.568399936984324e-05
1083,-0.009647098791867412,-5.903408524289518e-05
1084,-0.05571659885562427,-0.00032261534228190876
1085,-0.0341861222467169,-0.000924369784231155
1086,0.013168283819728734,-0.0009253522339141979
1087,-0.0017131105033410935,-0.000604213045872893
1088,-0.02578569925588694,-0.00047835513780897107
1089,0.006119313120022527,-0.0005562833641485682
1090,0.009593683156423888,-0.00041530836721995353
1091,-0.00744684705131824,-0.0005343097645204901
1092,0.024995815656868904,-0.0008847196823244284
1093,0.03908359155134981,-0.0007632279396376902
1094,0.004459687443661179,-0.00037391302126245834
1095,0.022853206268024503,-0.0003070537765696408
1096,0.038877867159933584,-9.175980912749064e-05
1097,0.0076529497716894875,0.0002457868268851981
1098,0.005625212420825001,0.0001658968476357351
1099,-0.018723373463462353,2.182521692616927e-05
1100,-0.011678420791714498,-0.00019634353674082976
1101,-0.003529679500692399,-0.00022577940552016287
1102,-0.010929742720775983,-0.00016791463617748772
1103,0.016894953412663262,-0.00021648990790160345
1104,-0.0034198701868421084,-8.755327045998281e-06
1105,-0.0035236188833319393,3.602504877271614e-05
1106,0.014439233644859877,0.00010063903433091532
1107,-0.0025945716699867258,0.00032834528150324033
1108,-0.017007942883584645,0.00013451583943918096
1109,0.0013662082038328241,-0.000401178480555145
1110,0.024704698736818582,-0.0005907883101548546
1111,0.048983402919904,-0.0004640596193712693
1112,0.03609584163296987,-7.173757354235081e-05
1113,0.010996925972717148,0.000273109051318189
1114,-0.006677324695500893,0.0004572889960314009
1115,-0.015918162339408546,0.0003448964159013488
1116,-0.010370581348616903,2.0832703249449857e-05
1117,0.008565995552267076,-0.00026844179439907
1118,0.013460571847769028,-0.00017217121526333603
1119,0.002813254856413671,-3.413330986305316e-05
1120,0.006795275689772478,-4.2425038938347875e-05
1121,0.006127372614367155,-0.0002040794061127974
1122,0.020398010911028712,-0.0004256291912620392
1123,0.022555986823100584,-0.0002273727159773706
1124,0.011930467871730528,2.215430741292688e-05
1125,-0.011713022704081344,8.344338534765235e-05
1126,-0.013681891950605317,-2.4845296488550765e-05
1127,-0.027494899188300295,-7.218576782889457e-05
1128,-0.0193766060606061,-0.0003853438403691307
1129,-0.02377333151933619,-0.00056035689099038
1130,-0.008116162114721102,-0.0003151777664521119
1131,0.01510261715949659,0.00018046413111787326
1132,0.008654838186453564,0.0004784995093711324
1133,0.00083376515591468,0.00035779069491189466
1134,-0.007073167213496129,0.001078221570945575
1135,0.02710300551307137,0.0011358077113725312
1136,0.02234245036491677,0.0011272725097565444
1137,0.006155137931034436,0.00137463996626706
1138,0.0012564551833777185,0.0012200012503393086
1139,0.03949398727934754,0.000881249124124675
1140,0.02516046167202899,0.0011649700225532778
1141,-0.005229448041726854,0.0013231941111245152
1142,0.007700567621155101,0.0010788171972360358
1143,0.025508547516638534,0.001148610359056189
1144,-0.007802802009145092,0.001323994090966411
1145,-0.0072680396138068235,0.0010221264730733122
1146,0.009806160241280828,0.0010762283667375564
1147,0.05226402067035753,0.0015221087966782332
1148,0.0038867349156056154,0.0024956401068003866
1149,0.026248997680876966,0.002763431149939108
1150,-0.01127700861318822,0.002678277301811911
1151,-0.045829743610684176,0.002354308945015018
1152,-0.01432069417807634,0.001778599477332094
1153,0.0010392543868159546,0.0013008446624423482
1154,0.0016301538481602418,0.0009206179866653087
1155,0.016134624803194483,0.0007049751554428524
1156,-0.00603125662203471,0.0010821061374481841
1157,0.011460893148061186,0.0012175555878302798
1158,0.007444094134842156,0.0012901854661075231
1159,0.0061589058208495725,0.0014964146413173013
1160,-0.008093590742382133,0.0020364734107485537
1161,-0.008370542734160415,0.0021520016816814463
1162,0.005546675103154191,0.002108353976119074
1163,-0.01619161676646711,0.0025246215779592272
1164,-0.016250393540836648,0.0028577010121871318
1165,-0.021046852568005495,0.0026693266415536853
1166,-7.366370865668951e-05,0.002874429987481699
1167,-0.0026625267861234017,0.003425625110898938
1168,-0.0010383967385914122,0.003047372059137509
1169,0.005715603526800824,0.0030229457071636735
1170,0.013829278516399594,0.003167099463632169
1171,0.024690049342415168,0.0031719471839249335
1172,0.001382448898316181,0.0030741373331456385
1173,0.006967115438079956,0.003436206549238195
1174,-0.00044621513944221024,0.003535297702239266
1175,-0.025011841855685925,0.0033694689346069197
1176,-0.032662285079978655,0.003169823600514176
1177,-0.01915710203771066,0.0027919410578050997
1178,-0.020864656900558377,0.0025560651151056734
1179,-0.01750419220397319,0.0023549648975305865
1180,0.0026109215908164144,0.0018565526919080521
1181,0.004889393766076474,0.0017489453630313795
1182,0.00042698317820853276,0.0017010839416129887
1183,0.00011844332042105817,0.0016277123822143668
1184,-0.0014580486317190714,0.001725367803337252
1185,-0.023712137248749605,0.002267953305576304
1186,-0.00905102014824624,0.0023726931555559765
1187,0.00998575697083859,0.0021505001158762267
1188,0.01934192720565535,0.002267488790618024
1189,-0.0072416846834139825,0.002718765055233447
1190,-0.012854367249836568,0.002585155077199081
1191,0.029739246172807772,0.002360674573136477
1192,0.008283672931098196,0.0027325355053777374
1193,0.011451850599339845,0.00256541407812003
1194,0.005899999999999987,0.00228909666859993
1195,0.003687432125088084,0.0023034997941633185
1196,-0.004418829203006501,0.0021118420527339544
1197,0.004027613183389031,0.0016788750891045536
1198,-0.028820099961059446,0.0016426217232215488
1199,-0.030870601244294343,0.0012981685994027043
1200,-0.017074796208755086,0.0011766963215943847
1201,-0.012784499999999992,0.0011227325674239784
1202,-0.051376190648085754,0.0010301843624309025
1203,-0.04017953185498062,0.0006257198831578051
1204,0.03846011269276399,5.4975030481366205e-05
1205,-0.01536200976606793,0.0004737748592774272
1206,0.01348831794317285,0.00035539095045006725
1207,0.012672001293242773,0.00034588179343319705
1208,-0.03692105263157897,0.000498547523065492
1209,-0.0219646194690265,0.0002994164255855487
1210,0.006940228738704312,6.610814885695547e-05
1211,0.002157266002103351,-0.00011153655112418722
1212,-0.031311567618352014,-0.0005797979203021937
1213,-0.010233165919282477,-0.0012538720128154126
1214,0.0031935759176816222,-0.0014661729317354088
1215,-0.012973014222620734,-0.0013674639256035835
1216,-0.04288948875554009,-0.0013380124444357057
1217,0.06918557661199393,-0.0016632015185049376
1218,0.01664482306684147,-0.0010570057079076689
1219,-0.018242605827377724,-0.0010251631957169445
1220,-0.030551000357190095,-0.0012357218025548585
1221,-0.0027598109658436916,-0.0016091845630244845
1222,0.05044454229198581,-0.0016980563988265925
1223,0.01028157158810875,-0.0013975910850170217
1224,-0.02734579509271933,-0.0015203352373669402
1225,-0.03197359827309462,-0.0019130978670114384
1226,-0.02344549035268833,-0.0021157036227015713
1227,-0.00021806770474180076,-0.0022133396067224014
1228,0.010424566037735792,-0.0019405712918868167
1229,0.015987293249869937,-0.0016425595709033977
1230,-0.03549473755912366,-0.0012449533232113364
1231,-0.03097638800351273,-0.001518739077655362
1232,0.03587850711824829,-0.0019795291292854554
1233,-0.014550669457876952,-0.001707292439967508
1234,0.021712666119258213,-0.0018611367861054242
1235,0.007930976859559867,-0.001573278452777881
1236,0.03847468871203064,-0.0017649987393129956
1237,0.035102963041571955,-0.0016036763558418571
1238,0.024106393883192623,-0.001314198104736482
1239,0.01892060206746429,-0.0010856987177383327
1240,-0.06155491939107834,-0.0012914325698571653
1241,-0.03136601294293702,-0.0021585863804882387
1242,0.0015119425837321176,-0.00241995202950034
1243,-0.017766710500545603,-0.0024818382798745702
1244,0.017939690067303816,-0.0029145908600464116
1245,0.00636401297167598,-0.0026571659392819226
1246,-0.0032867010806997003,-0.002520845413427094
1247,-0.022274526159983567,-0.0026517740266469
1248,-0.03242387940649943,-0.003397159494950311
1249,-0.003438286298632779,-0.0037602656381713613
1250,0.0014119535510260114,-0.004057138477966459
1251,-0.022639327125794237,-0.003930248856324317
1252,-0.033869376878545354,-0.003698344691475417
1253,-0.04589938285532773,-0.003893831518480107
1254,0.06454205949284784,-0.0043632178909015435
1255,0.05502054910287491,-0.0037340988344546676
1256,0.019957103489434806,-0.003345239591457863
1257,-0.013723398347273128,-0.0030853559903431683
1258,-0.0029777564065636315,-0.0033371989052965114
1259,-0.0016842289391699168,-0.0034414174107105693
1260,0.026078577934487937,-0.003519848758310764
1261,0.03199821715769707,-0.0031781270715420633
1262,0.004070436737374829,-0.002774439472623488
1263,-0.004005506519438363,-0.002789201856281282
1264,-0.008419194719833987,-0.002667340753810995
1265,-0.009740133970635332,-0.002589028765600968
1266,-0.017188503919777658,-0.002475961579627267
1267,0.0314903070233732,-0.0026471099817384765
1268,0.029772818219623354,-0.00230558164364351
1269,0.008366990825688083,-0.0019974694940613625
1270,0.01774832424017409,-0.00197095562107249
1271,-0.027025356046412895,-0.001931765163834745
1272,-0.010574781214868288,-0.0024489192177230257
1273,-0.00263139691646386,-0.00256849151885487
1274,0.017551800907150892,-0.002664476642400308
1275,-0.013132486337698097,-0.0024844964819343775
1276,-0.018356692015863485,-0.002365702926754499
1277,0.015679420398113698,-0.0022226469961133476
1278,0.04504525878072316,-0.0018742817717551038
1279,0.005736172049197934,-0.0012151826149422885
1280,0.017045523600692336,-0.0009827789724105773
1281,0.029365206745248007,-0.0008384329523118181
1282,-0.005966520116613782,-0.0005936748225201027
1283,-0.03772827903402547,-0.0006576098554683259
1284,-0.00849060099656417,-0.0010360770790127914
1285,0.006612596935053918,-0.0011064026026612421
1286,0.021590070215175537,-0.0008031552608232071
1287,0.015859443494828016,-0.0004967443571889892
1288,-0.0033891301277977413,-0.00043800749194909504
1289,-0.004773351111111121,-0.0006653180652836259
1290,-0.011226191521109546,-0.0006406347295605973
1291,0.0035373620229015804,-0.0006243529722733271
1292,-0.021853536248316985,-0.0008863718137723888
1293,-0.0019843043669766814,-0.0011877439055665408
1294,0.006875732055947924,-0.001322105455229706
1295,7.127004358565744e-05,-0.0013123481346702269
1296,0.007645629643498314,-0.0013485097554852507
1297,0.011256613495390616,-0.0012278651670202029
1298,0.026380660833232105,-0.001155575163900187
1299,0.01982320105788149,-0.0006035675559572715
1300,0.012671459037703418,-9.66295329355131e-05
1301,0.007733616050754642,0.00020083301952907194
1302,-0.017844967948300566,0.00040601418003661827
1303,-0.009073692061225663,0.0007413264070344702
1304,0.04000354528618041,0.0010523848049720198
1305,0.03927953261387267,0.001067819130906184
1306,0.014175707885453534,0.0016142345547055898
1307,-0.011111789057212402,0.0016211084541283968
1308,-0.007272622641824113,0.001383270550623845
1309,-0.007888146648142077,0.0016797548505213936
1310,0.010733888479622625,0.0018205195787302378
1311,0.02912596967619863,0.0018584561761394208
1312,0.028907924088563377,0.002128143212880374
1313,-0.010122950819672126,0.002730338129949528
1314,-0.025609341650985166,0.0027314402809456313
1315,-0.008102970954300346,0.0024434111052589634
1316,-0.022552427792338594,0.002492111537942167
1317,-0.01648603905486886,0.0026954821475741824
1318,0.001182458488049059,0.0018387659909055542
1319,0.01592980758748339,0.0016841423451176302
1320,0.015157401269134589,0.002025866479266241
1321,0.008966326552499067,0.0024829504955294884
1322,0.0055661253588231915,0.0026002118707129157
1323,0.00013207407197416421,0.0021514277013812894
1324,-0.009037956204379635,0.002049932726219944
1325,-0.006952316470015175,0.0022330111151033405
1326,0.003793974427044531,0.002483223933134135
1327,0.0037341442757944997,0.0027556185809314636
1328,0.011440168748449043,0.002795140700736827
1329,0.008974877312807635,0.0028052967278439592
1330,0.006388468376948338,0.002735172568473336
1331,0.008243902439024356,0.003154004627834056
1332,0.0036136460343943484,0.003546207532259427
1333,0.007036144578313292,0.0032235589214208876
1334,0.027428481324848188,0.00343942706178279
1335,0.002713553560072073,0.0034965852138386898
1336,-0.002557835376601968,0.0034444109808438117
1337,0.005604959546641842,0.0030340857399574856
1338,0.01792079376024105,0.0027391057050081846
1339,-0.0636854876737622,0.002677249703778669
1340,-0.014538554730233522,0.001851188806366404
1341,-0.02587891440501047,0.002321352452974852
1342,0.014455056891436802,0.002376223438354118
1343,0.013631632373287671,0.0025056545814311645
1344,0.00585329371512953,0.0028196380101694974
1345,-0.012674880247680823,0.0026987740466477544
1346,-0.007916469448189238,0.0025083851144541863
1347,0.004335093680800003,0.002462087430779291
1348,-0.02759150905869901,0.0027281836291871264
1349,-0.01779541375090954,0.002776507332665131
1350,0.02493171747090626,0.002632936058142363
1351,0.055186834531857534,0.002868133697341166
1352,-0.0026112780347364267,0.0036463953139176837
1353,-0.02650890009610233,0.003958976302355773
1354,0.0012488811362053496,0.004152881129948027
1355,0.0011866987940318844,0.0035199493463816023
1356,-0.005133585233441895,0.0029816108432931714
1357,-0.006509218346013362,0.002730703956064404
1358,-0.010798559402727764,0.002802845756077002
1359,-0.01887022078581806,0.002724637726115361
1360,-0.009967317382089516,0.002552777807648879
1361,-0.012185850109360352,0.002192318854483105
1362,-0.0605079580965241,0.0017504781818125307
1363,-0.011659640276306737,0.0011046942334735413
1364,0.00014359161205157187,0.0010281528959048575
1365,-0.006862559241706197,0.0011137807592237132
1366,0.021181177370103853,0.0011425565065130046
1367,0.027013677068450842,0.0015262533194118197
1368,0.003751160770702316,0.001481487019862596
1369,-0.01630820730012504,0.0012212704453733857
1370,0.010241177642646876,0.0009745184641152544
1371,0.0014658111384609422,0.0008994469981399822
1372,0.0038082478389339846,0.0011843586699887207
1373,0.014819556888456226,0.0013281889605267435
1374,-0.00628885278832471,0.0015026984985759442
1375,0.005382753513240033,0.0012642919616211883
1376,0.0032718552780931164,0.0014494443601305695
1377,0.006162921449552218,0.0016657298330701356
1378,-0.02894639285714286,0.0015705648435845208
1379,-0.031172703979169047,0.0008306483272058607
1380,-0.013171365960978235,0.0004615595669221908
1381,-0.0036347456679182186,0.00015939067130548508
1382,0.021137547227611568,-0.00017060885282617718
1383,0.010499219301722755,0.00010043182061607631
1384,0.0164369357016566,0.0005827068039735586
1385,0.012668753020451565,0.0008319821709557662
1386,-0.002304832264749998,0.0008925437318097429
1387,-0.0014033414409005923,0.0006535947070104874
1388,0.027550670573360272,0.0004809668576532013
1389,0.010385721167413538,0.0007903648646647815
1390,-0.000715449862418009,0.0009419555874500283
1391,0.006632094703962539,0.0010470630040369435
1392,0.007089633020400351,0.001078010330847553
1393,8.79021247512176e-06,0.0013674420235347264
1394,-0.00319745936820171,0.0013873729693292445
1395,-0.009150595767096108,0.001286641055087748
1396,-0.008796523161521637,0.0011944223969809304
1397,0.011079130423157509,0.001030000868930731
1398,-0.0032533297782442196,0.0010282260382084
1399,0.0029312566804179205,0.0007318861320936367
1400,0.09330531079697293,0.000562966688319001
1401,0.011270309079143037,0.001369305205911696
1402,-0.011669987927565382,0.00140467213619558
1403,-0.00717193177414615,0.0014664219364029318
1404,-0.01068683207197489,0.0014854395392737269
1405,-0.017501178518926196,0.0009785357656921742
1406,-0.04010811171710353,0.00041072865436418547
1407,-0.0016112603325108376,-0.00013210954166138517
1408,0.008914492948821217,-3.710425441436954e-05
1409,0.04179483575392701,0.00012476690149208376
1410,0.0020818927721296693,0.0006215967255127746
1411,-0.02124187701564177,0.000535076768437845
1412,0.014177932203389811,3.139830151944106e-05
1413,-0.008600451459964192,-0.00011590161733229459
1414,-0.005739471192369925,-0.00010067662373521526
1415,0.009226021084257994,9.802208085093714e-05
1416,0.016641366938382484,0.00027131200123652055
1417,-0.006964097345495481,0.0006632499485437314
1418,-0.003153938071562656,0.0007584693656374651
1419,-0.0035958589085313226,0.000715105400041348
1420,-0.033690702524555256,0.0005198487350812009
1421,-0.011804230815903689,3.1367697144302416e-05
1422,0.009806373711673642,-0.00017633787653972518
1423,-0.007819137520908294,-0.00013393539301122067
1424,0.0252131482483024,-0.00021344750894004526
1425,0.0034642370065278696,0.00012906353558677513
1426,-0.025659198545117785,0.0002332290703522056
1427,0.0003553750536087634,-6.130265936941756e-05
1428,0.027758718046547205,-9.509035159127495e-05
1429,0.01060608566268587,6.809514138970667e-05
1430,-0.0032006384173769668,8.440722488848902e-05
1431,-0.0011432547966995165,-1.1483843054764025e-05
1432,0.019990117466242182,-0.00010535541541200277
1433,0.0258163287343528,5.8409298906475576e-05
1434,0.013535256279271343,0.00024621114046687064
1435,-0.0003895431477634627,0.00010727889001110222
1436,-0.0004551217524644915,7.624792293274687e-05
1437,0.000828154545956867,9.727505917412162e-05
1438,0.006917333090822425,4.950700916727189e-05
1439,-0.0020124642623268463,-6.052759752691437e-05
1440,0.0008511721547805875,0.0005562026365874391
1441,-0.006717904509614715,0.0007100999054375803
1442,0.004790338709677445,0.0009017100043915377
1443,0.02161164828597863,0.0008050628225739442
1444,-0.01303390964090714,0.0008848629817008538
1445,-0.017452105556707048,0.0006959909481404872
1446,-0.011961330689191014,0.0006482186950502248
1447,-0.03645837593763543,0.0006077700826402071
1448,-0.005908917577786608,0.00019983538645585274
1449,0.02334071357344466,0.00041666130126497675
1450,0.011688919776603645,0.0008280225745085188
1451,-0.013976769311574736,0.0006955945975654925
1452,0.0030281038569217387,3.958559131169836e-06
1453,0.0067757732920754555,6.035237804775149e-05
1454,0.014274987485399621,0.0003931991119295293
1455,-0.005114253735611094,0.000523460175421472
1456,0.023354669698242906,0.00046045065012504223
1457,0.017601325950039694,0.0007453331994418902
1458,0.008849968996867547,0.0009864386424024208
1459,-0.005585727984657209,0.001182923926398374
1460,-0.008296870010968899,0.0013157688544099824
1461,-0.0060062464001562205,0.0013324733281211887
1462,0.010566678621861052,0.00139426936521323
1463,0.015239354133917514,0.0021050157323970814
1464,0.004121927262211342,0.002374005676499324
1465,0.029536726183282087,0.0024137890330009214
1466,-0.011247043137254923,0.002777781887250804
1467,-0.011990580125244251,0.0024534996821772167
1468,0.00290800302752659,0.002063457110240266
1469,0.009722206349206345,0.0020550255328085085
1470,0.018810206686519063,0.0023153296693018224
1471,0.012013055300875366,0.0024010199597405443
1472,-0.00014713445313289884,0.0025064924013646884
1473,0.01306108855876568,0.0024669385784440194
1474,0.011373119172348293,0.002449353895147114
1475,-0.0024893203324925606,0.0026259736147538444
1476,-0.005207055454312383,0.0025472528762965187
1477,-0.001840470756623097,0.0024624637689724628
1478,0.012349402821698646,0.00238242984691071
1479,0.029760648648648674,0.0027953878036991254
1480,0.003642370901718552,0.0034047213299773023
1481,-0.014823484162757939,0.0035728586986042703
1482,-0.018671295779740964,0.0034609713136558727
1483,-0.008555957043741512,0.0030628828835823478
1484,-0.004294785320922466,0.002872331120127705
1485,0.0020260321711118427,0.002665013909901914
1486,0.012914044224828617,0.0025585867014085175
1487,0.0016947729492068487,0.0027107754663043032
1488,-0.008613309293560486,0.002741756610205378
1489,-0.013577238218973237,0.00238011681153617
1490,-0.006003531691547011,0.0021404872176723024
1491,0.03150172886461971,0.0020876063993810123
1492,0.01597121200520622,0.002336302740987584
1493,0.009336850319121369,0.0024251185308356428
1494,0.007683376823112038,0.0025183991319021053
1495,0.0030100234078243673,0.002627207493815243
1496,0.0032165618395880733,0.0027488136855644473
1497,0.0001409033576961757,0.0028689445355755444
